Britz 브리츠인터내셔널 BT4000 ANC ※ 유무선헤드폰 / 음악+통화용 / 블루투스 v5.0 / USB / 네오디뮴마그네틱 / 32Ω / 20Hz~40kHz / 오디오코덱: SBC /[기능] 액티브노이즈캔슬링 / HRA / 마이크특징: ENC/노이즈캔슬링 / 컨트롤: 전용 앱, 재생/멈춤조절 / 부가기능: 볼륨조절 /[배터리] 재생시간: 29시간(ANC ON), 49시간(ANC OFF) / 배터리용량: 400mAh / 충전단자: USB타입C /[부가] 회전형이어컵 / 무게: 220.6g / 색상계열: 블랙, 화이트, 베이지
BOSE QC 45 ※ 유무선헤드폰 / 음악+통화용 / 밀폐형 / 오버이어 / 블루투스 v5.1 / 3.5mm /[기능] 액티브노이즈캔슬링 / 주변소리듣기 / EQ모드선택 / EQ조절 / 멀티페어링 / 멀티포인트 / 컨트롤: 버튼, 전용 앱, 재생/멈춤조절, 볼륨조절 / 부가기능: 퀵충전, 배터리잔량표시 /[배터리] 재생시간: 24시간(ANC ON) / 충전단자: USB타입C /[부가] 접이식 / 회전형이어컵 / 밴드조절가능 / 추가구성품: 휴대용케이스 / 무게: 241g / 색상계열: 블랙, 화이트 / 심플싱크 지원(보스 스마트스피커 및 사운드바 호환)
앱코 BEATONIC HF01 ※ 유무선헤드폰 / 음악+통화용 / 밀폐형 / 블루투스 v5.0 / 3.5mm / 다이나믹드라이버 / 오디오코덱: SBC, AAC /[기능] 액티브노이즈캔슬링 / 컨트롤: 재생/멈춤조절 / 부가기능: 볼륨조절 / 생활방수 /[배터리] 재생시간: 13시간(NC ON), 20시간(NC OFF) / 배터리용량: 450mAh /[부가] 접이식 / 회전형이어컵 / 무게: 257g / 색상계열: 블랙
젠하이저 모멘텀 4 와이어리스 M4AEBT ※ 유무선헤드폰 / 음악+통화용 / 밀폐형 / 오버이어 / 블루투스 v5.2 / 3.5mm / 다이나믹드라이버 / 106dB / 6Hz~22kHz / 오디오코덱: aptX Adaptive, aptX, SBC, AAC /[기능] 액티브노이즈캔슬링 / 주변소리듣기 / 멀티페어링 / 스마트센서 / 마이크특징: MEMS / 컨트롤: 터치버튼, 전용 앱, 재생/멈춤조절 / 부가기능: 퀵충전, 볼륨조절 /[배터리] 재생시간: 60시간(ANC ON) / 배터리용량: 700mAh / 충전단자: USB타입C /[부가] 회전형이어컵 / 추가구성품: 휴대용케이스, 항공기내용어댑터 / 무게: 293g / 색상계열: 블랙, 화이트
JBL TUNE 510BT ※ 무선헤드폰 / 음악+통화용 / 밀폐형 / 블루투스 v5.0 / 다이나믹드라이버 / 32Ω / 103.5dB / 20Hz~20kHz /[기능] 멀티페어링 / 부가기능: 퀵충전 /[배터리] 재생시간: 40시간 / 배터리용량: 450mAh / 충전단자: USB타입C /[부가] 접이식 / 회전형이어컵 / 무게: 160g / 색상계열: 블랙, 화이트, 핑크
아이리버 BS-BT101 ※ 유무선헤드폰 / 음악+통화용 / 밀폐형 / 블루투스 v5.0 / 3.5mm / 32Ω / 103dB / 20Hz~20kHz /[기능] 마이크특징: CVC 6.0 / 컨트롤: 재생/멈춤조절 / 부가기능: 볼륨조절, microSD재생 /[배터리] 통화시간: 8시간 / 배터리용량: 250mAh / 충전단자: micro5핀 /[부가] 접이식 / 무게: 440g
APPLE 에어팟 맥스 ※ 무선헤드폰 / 음악+통화용 / 밀폐형 / 오버이어 / 블루투스 v5.0 / 다이나믹드라이버 / 오디오코덱: AAC / 칩셋: H1 /[기능] 액티브노이즈캔슬링 / 주변소리듣기 / 스마트센서 / 마이크특징: ENC/노이즈캔슬링 / 컨트롤: 재생/멈춤조절 / 부가기능: 퀵충전, 볼륨조절 /[배터리] 재생시간: 20시간(ANC ON) / 통화시간: 20시간 / 충전단자: 라이트닝 /[부가] 무게: 384.8g / 색상계열: 그레이, 블루, 그린, 핑크, 실버 / 모델명: MGYH3KH / A(스페이스그레이), MGYJ3KH / A(실버), MGYM3KH / A(핑크), MGYN3KH / A(그린), MGYL3KH / A(스카이블루)
마샬 Major IV ※ 유무선헤드폰 / 음악+통화용 / 밀폐형 / 온이어 / 블루투스 v5.0 / 3.5mm / 다이나믹드라이버 / 32Ω / 99dB / 20Hz~20kHz /[기능] 컨트롤: 재생/멈춤조절 / 부가기능: 퀵충전, 볼륨조절 /[배터리] 재생시간: 80시간 / 충전단자: USB타입C, 무선충전 /[부가] 접이식 / 무게: 165g / 색상계열: 블랙, 브라운 / 유선음악공유
뱅앤올룹슨 Beoplay HX ※ 유무선헤드폰 / 음악+통화용 / 밀폐형 / 블루투스 v5.1 / 3.5mm / 다이나믹드라이버 / 네오디뮴마그네틱 / 24Ω / 95dB / 20Hz~22kHz / 오디오코덱: aptX Adaptive, SBC, AAC /[기능] 액티브노이즈캔슬링 / 주변소리듣기 / 멀티포인트 / 마이크특징: MEMS / 컨트롤: 터치버튼, 전용 앱, 재생/멈춤조절 / 부가기능: 볼륨조절 /[배터리] 재생시간: 35시간(NC ON), 40시간(NC OFF) / 충전단자: USB타입C /[부가] 회전형이어컵 / 케이블길이: 1.25m / 무게: 285g
JBL TOUR ONE M2 ※ 유무선헤드폰 / 음악+통화용 / 밀폐형 / 오버이어 / 블루투스 v5.3 / 3.5mm / 다이나믹드라이버 / 32Ω / 117dB / 10Hz~40kHz /[기능] 액티브노이즈캔슬링 / HRA / 주변소리듣기 / 적응형ANC / EQ조절 / 대화감지 / 멀티포인트 / 스마트센서 / 컨트롤: 전용 앱, 재생/멈춤조절 / 부가기능: 퀵충전, 볼륨조절 /[배터리] 재생시간: 30시간(ANC ON), 50시간(ANC OFF) / 충전단자: USB타입C /[부가] 접이식 / 회전형이어컵 / 밴드조절가능 / 추가구성품: 휴대용케이스, 항공기내용어댑터 / 무게: 272g / 색상계열: 블랙, 골드
B&W Px7 S2 ※ 유무선헤드폰 / 음악+통화용 / 밀폐형 / 오버이어 / 블루투스 v5.2 / 3.5mm / 33Ω / 오디오코덱: aptX HD, aptX Adaptive, aptX, SBC, AAC /[기능] 액티브노이즈캔슬링 / 주변소리듣기 / 컨트롤: 전용 앱, 재생/멈춤조절 / 부가기능: 퀵충전, 볼륨조절 /[배터리] 재생시간: 30시간 / 충전단자: USB타입C /[부가] 무게: 307g / 색상계열: 블랙, 그레이, 블루
APPLE Beats by Dr.Dre 비츠 스튜디오 프로 와이어리스 ※ 유무선헤드폰 / 음악+통화용 / 밀폐형 / 오버이어 / 블루투스 v5.3 / 3.5mm / USB타입C /[기능] 액티브노이즈캔슬링 / 주변소리듣기 / EQ조절 / DAC내장 / 360도공간음향 / 컨트롤: 전용 앱, 재생/멈춤조절 / 부가기능: 퀵충전, 볼륨조절, 위치찾기 /[배터리] 재생시간: 24시간(ANC ON), 40시간(ANC OFF) / 충전단자: USB타입C /[부가] 접이식 / 밴드조절가능 / 추가구성품: 휴대용케이스 / 무게: 260g / 색상계열: 블랙, 그레이, 네이비, 브라운 / USB타입C 케이블 연결 시 무손실 음원 감상 가능
야마하 YH-L700A ※ 유무선헤드폰 / 음악+통화용 / 밀폐형 / 오버이어 / 블루투스 v5.0 / 3.5mm / 다이나믹드라이버 / 8Hz~40kHz / 오디오코덱: aptX Adaptive, SBC, AAC /[기능] 액티브노이즈캔슬링 / 주변소리듣기 / 멀티페어링 / 오토페어링 / 컨트롤: 재생/멈춤조절 / 부가기능: 볼륨조절, 배터리잔량표시 /[배터리] 재생시간: 11~34시간 / 충전단자: USB타입C /[부가] 접이식 / 회전형이어컵 / 무게: 330g / 3D사운드음장
SONY WH-1000XM4 ※ 유무선헤드폰 / 음악+통화용 / 밀폐형 / 오버이어 / 블루투스 v5.0 / NFC / 2.4GHz / 3.5mm / 다이나믹드라이버 / 105dB / 4Hz~40kHz / 오디오코덱: LDAC, SBC, AAC / 칩셋: QN1 /[기능] 액티브노이즈캔슬링 / 센스엔진 / 주변소리듣기 / 멀티포인트 / 컨트롤: 터치버튼, 전용 앱 / 부가기능: 볼륨조절 /[배터리] 재생시간: 30시간(NC ON), 38시간(NC OFF) / 충전단자: USB타입C /[부가] 접이식 / 회전형이어컵 / 케이블길이: 1.2m / 무게: 254g / 색상계열: 블랙, 실버
SONY WH-1000XM5 ※ 유무선헤드폰 / 음악+통화용 / 밀폐형 / 오버이어 / 블루투스 v5.2 / 3.5mm / 다이나믹드라이버 / 네오디뮴마그네틱 / 48Ω / 102dB / 4Hz~40kHz / 오디오코덱: LDAC, SBC, AAC / 칩셋: V1, QN1 /[기능] 액티브노이즈캔슬링 / DSEE Extreme / HRA / 주변소리듣기 / 돌비애트모스 / 멀티포인트 / 마이크특징: 빔포밍 / 컨트롤: 터치버튼, 전용 앱, 재생/멈춤조절 / 부가기능: 퀵충전, 볼륨조절 /[배터리] 재생시간: 30시간(ANC ON), 40시간(ANC OFF) / 통화시간: 24시간(ANC ON), 32시간(ANC OFF) / 충전단자: USB /[부가] 회전형이어컵 / 케이블길이: 1.2m / 추가구성품: 휴대용케이스 / 무게: 250g / 색상계열: 블랙, 실버 / Speak to Chat(대화 시 음악정지) / 적응형 사운드 제어 / 360 Reality Audio
BOSE QC ※ 유무선헤드폰 / 음악+통화용 / 밀폐형 / 오버이어 / 블루투스 v5.1 / 3.5mm /[기능] 액티브노이즈캔슬링 / 주변소리듣기 / 바람소리차단 / ANC강도조절 / EQ모드선택 / EQ조절 / 멀티페어링 / 멀티포인트 / 컨트롤: 버튼, 전용 앱, 재생/멈춤조절, 볼륨조절 / 부가기능: 퀵충전, 음성안내 /[배터리] 재생시간: 24시간 / 충전단자: USB타입C /[부가] 접이식 / 회전형이어컵 / 밴드조절가능 / 케이블특징: 탈착식케이블 / 추가구성품: 휴대용케이스 / 무게: 241g / 색상계열: 블랙, 화이트, 그린 / 심플싱크 지원(보스 스마트스피커 및 사운드바 호환)
JBL TUNE 660NC ※ 유무선헤드폰 / 음악+통화용 / 밀폐형 / 온이어 / 블루투스 v5.0 / 3.5mm / 다이나믹드라이버 / 32Ω / 103.5dB / 20Hz~20kHz /[기능] 액티브노이즈캔슬링 / 부가기능: 퀵충전 /[배터리] 재생시간: 44시간(ANC ON), 55시간(ANC OFF) / 배터리용량: 610mAh / 충전단자: USB타입C /[부가] 접이식 / 회전형이어컵 / 무게: 166g / 색상계열: 블랙, 화이트, 핑크
B&W Px8 ※ 유무선헤드폰 / 음악+통화용 / 밀폐형 / 오버이어 / 블루투스 v5.2 / 3.5mm / USB타입C / 오디오코덱: aptX HD, aptX Adaptive, aptX, SBC, AAC /[기능] 액티브노이즈캔슬링 / 주변소리듣기 / 멀티페어링 / 컨트롤: 전용 앱 / 부가기능: 퀵충전 /[배터리] 재생시간: 30시간 / 충전단자: USB타입C /[부가] 회전형이어컵 / 밴드조절가능 / 추가구성품: 휴대용케이스 / 무게: 320g
Razer OPUS ※ 유무선헤드폰 / 음악+통화용 / 밀폐형 / 오버이어 / 블루투스 v5.0 / 3.5mm / 20Hz~20kHz / 오디오코덱: SBC, AAC /[기능] 액티브노이즈캔슬링 / 주변소리듣기 / 스마트센서 / 마이크특징: ENC/노이즈캔슬링 / 컨트롤: 전용 앱 / 부가기능: 볼륨조절 /[배터리] 재생시간: 32시간(ANC ON) / 40시간(ANC OFF) / 충전단자: USB타입C /[부가] 접이식 / 회전형이어컵 / 무게: 270g / 색상계열: 블랙
젠하이저 HD 450 BT ※ 유무선헤드폰 / 음악+통화용 / 밀폐형 / 오버이어 / 블루투스 v5.0 / 3.5mm / 다이나믹드라이버 / 108dB / 18Hz~22kHz / 오디오코덱: aptX LL, aptX, SBC, AAC /[기능] 액티브노이즈캔슬링 / 멀티포인트 / 컨트롤: 전용 앱, 재생/멈춤조절 / 부가기능: 볼륨조절 /[배터리] 재생시간: 30시간(NC ON) / 배터리용량: 600mAh / 충전단자: USB타입C /[부가] 접이식 / 추가구성품: 휴대용케이스 / 무게: 238g / 색상계열: 블랙, 화이트
QCY H2 ※ 무선헤드폰 / 음악+통화용 / 게임용 / 밀폐형 / 오버이어 / 블루투스 v5.3 / 네오디뮴마그네틱 /[기능] 저지연게이밍모드 / 베이스부스터 / 멀티포인트 / 컨트롤: 전용 앱, 재생/멈춤조절 / 부가기능: 볼륨조절 /[배터리] 재생시간: 60시간 / 배터리용량: 400mAh / 충전단자: USB타입C /[부가] 접이식 / 회전형이어컵 / 밴드조절가능 / 무게: 228g / 색상계열: 블랙, 그린 / ※정품(국내 출시판)은 로고 헤드밴드 윗면, 해외구매(글로벌 출시판)는 로고 이어컵 옆면
QCY H4 ※ 유무선헤드폰 / 음악+통화용 / 게임용 / 밀폐형 / 오버이어 / 블루투스 / 3.5mm / 다이나믹드라이버 /[기능] 액티브노이즈캔슬링 / HRA / 주변소리듣기 / ANC모드선택 / 저지연게이밍모드 / 멀티포인트 / 마이크특징: ENC/노이즈캔슬링 / 컨트롤: 터치버튼, 전용 앱, 재생/멈춤조절 / 부가기능: 볼륨조절 /[배터리] 재생시간: 70시간 / 배터리용량: 600mAh / 충전단자: USB타입C /[부가] 접이식 / 밴드조절가능 / 무게: 290g / 색상계열: 블랙, 화이트
QCY H3 ※ 유무선헤드폰 / 음악+통화용 / 게임용 / 밀폐형 / 오버이어 / 블루투스 v5.3 / 3.5mm / 다이나믹드라이버 /[기능] 액티브노이즈캔슬링 / HRA / 주변소리듣기 / 적응형ANC / ANC모드선택 / EQ조절 / 저지연게이밍모드 / 멀티포인트 / 마이크특징: ENC/노이즈캔슬링, 빔포밍 / 컨트롤: 전용 앱, 재생/멈춤조절 / 부가기능: 볼륨조절 /[배터리] 재생시간: 35시간(ANC ON), 60시간(ANC OFF) / 배터리용량: 500mAh / 충전단자: USB타입C /[부가] 접이식 / 밴드조절가능 / 무게: 260g / 색상계열: 블랙, 화이트, 네이비
ANKER Soundcore Space Q45 A3040 ※ 유무선헤드폰 / 음악+통화용 / 밀폐형 / 오버이어 / 블루투스 v5.3 / 3.5mm / 오디오코덱: LDAC, SBC, AAC /[기능] 액티브노이즈캔슬링 / HRA / 주변소리듣기 / 멀티포인트 / 컨트롤: 전용 앱 /[배터리] 재생시간: 50시간(ANC ON), 65시간(ANC OFF) / 충전단자: USB타입C /[부가] 접이식 / 추가구성품: 휴대용케이스 / 무게: 290g / 색상계열: 블랙, 화이트
JBL TUNE 520BT ※ 무선헤드폰 / 음악+통화용 / 밀폐형 / 온이어 / 블루투스 v5.3 / 다이나믹드라이버 / 30Ω / 102dB / 20Hz~20kHz /[기능] EQ조절 / 멀티포인트 / 컨트롤: 전용 앱, 재생/멈춤조절 / 부가기능: 퀵충전, 볼륨조절 /[배터리] 재생시간: 57시간 / 배터리용량: 450mAh / 충전단자: USB타입C /[부가] 접이식 / 회전형이어컵 / 밴드조절가능 / 색상계열: 블랙, 화이트, 블루, 퍼플
SONY WH-CH720N ※ 유무선헤드폰 / 음악+통화용 / 밀폐형 / 오버이어 / 블루투스 v5.2 / 3.5mm / 다이나믹드라이버 / 네오디뮴마그네틱 / 99dB, 108dB / 7Hz~20kHz(액티브모드), 20Hz~20kHz(블루투스연결) / 오디오코덱: SBC, AAC / 칩셋: V1 /[기능] 액티브노이즈캔슬링 / DSEE / 주변소리듣기 / EQ조절 / 360도공간음향 / 멀티페어링 / 멀티포인트 / 마이크특징: 빔포밍 / 컨트롤: 전용 앱, 재생/멈춤조절 / 부가기능: 퀵충전, 볼륨조절 /[배터리] 재생시간: 35시간(ANC ON), 50시간(ANC OFF) / 통화시간: 35시간(ANC ON), 40시간(ANC OFF) / 충전단자: USB타입C /[부가] 회전형이어컵 / 밴드조절가능 / 케이블특징: 탈착식케이블 / 케이블길이: 1.2m / 무게: 192g / 색상계열: 블랙, 화이트, 블루
앱코 EH220 ※ 유무선헤드폰 / 음악+통화용 / 밀폐형 / 오버이어 / 블루투스 v5.0 / 3.5mm / 다이나믹드라이버 / 32Ω / 99dB / 20Hz~20kHz / 오디오코덱: SBC, AAC /[기능] 컨트롤: 재생/멈춤조절 / 부가기능: 볼륨조절, microSD재생 /[배터리] 재생시간: 20시간 / 배터리용량: 450mAh / 충전단자: micro5핀 /[부가] 무게: 217g / 색상계열: 블랙
SONY WH-XB910N ※ 유무선헤드폰 / 음악+통화용 / 밀폐형 / 오버이어 / 블루투스 v5.2 / 3.5mm / 다이나믹드라이버 / 48Ω / 96dB / 오디오코덱: LDAC, SBC, AAC /[기능] 액티브노이즈캔슬링 / DSEE HX / ExtraBass / 주변소리듣기 / 멀티포인트 / 컨트롤: 터치버튼, 전용 앱, 재생/멈춤조절 / 부가기능: 퀵충전, 볼륨조절 /[배터리] 재생시간: 30시간(ANC ON), 50시간(ANC OFF) / 충전단자: USB타입C /[부가] 접이식 / 회전형이어컵 / 케이블길이: 1.2m / 추가구성품: 휴대용케이스 / 무게: 252g / 색상계열: 블랙, 블루 / 360 리얼리티 오디오
SONY WH-CH520 ※ 무선헤드폰 / 음악+통화용 / 밀폐형 / 온이어 / 블루투스 v5.2 / 20Hz~20kHz / 오디오코덱: SBC, AAC /[기능] DSEE / EQ조절 / 360도공간음향 / 멀티페어링 / 멀티포인트 / 컨트롤: 전용 앱, 재생/멈춤조절 / 부가기능: 퀵충전, 볼륨조절 /[배터리] 재생시간: 50시간(AAC, DSEE OFF) / 통화시간: 40시간 / 충전단자: USB타입C /[부가] 회전형이어컵 / 밴드조절가능 / 무게: 147g / 색상계열: 블랙, 화이트, 블루, 베이지
앱코 EH200 BT ※ 유무선헤드폰 / 음악+통화용 / 밀폐형 / 블루투스 v5.0 / 3.5mm / 32Ω / 105dB / 20Hz~20kHz /[기능] 부가기능: 볼륨조절 /[배터리] 재생시간: 10시간 / 배터리용량: 250mAh / 충전단자: micro5핀 /[부가] 접이식 / 무게: 179g / 색상계열: 블랙
Britz 브리츠인터내셔널 BT4000 ANC ※ 유무선헤드폰 / 음악+통화용 / 블루투스 v5.0 / USB / 네오디뮴마그네틱 / 32Ω / 20Hz~40kHz / 오디오코덱: SBC /[기능] 액티브노이즈캔슬링 / HRA / 마이크특징: ENC/노이즈캔슬링 / 컨트롤: 전용 앱, 재생/멈춤조절 / 부가기능: 볼륨조절 /[배터리] 재생시간: 29시간(ANC ON), 49시간(ANC OFF) / 배터리용량: 400mAh / 충전단자: USB타입C /[부가] 회전형이어컵 / 무게: 220.6g / 색상계열: 블랙, 화이트, 베이지
BOSE QC 45 ※ 유무선헤드폰 / 음악+통화용 / 밀폐형 / 오버이어 / 블루투스 v5.1 / 3.5mm /[기능] 액티브노이즈캔슬링 / 주변소리듣기 / EQ모드선택 / EQ조절 / 멀티페어링 / 멀티포인트 / 컨트롤: 버튼, 전용 앱, 재생/멈춤조절, 볼륨조절 / 부가기능: 퀵충전, 배터리잔량표시 /[배터리] 재생시간: 24시간(ANC ON) / 충전단자: USB타입C /[부가] 접이식 / 회전형이어컵 / 밴드조절가능 / 추가구성품: 휴대용케이스 / 무게: 241g / 색상계열: 블랙, 화이트 / 심플싱크 지원(보스 스마트스피커 및 사운드바 호환)
APPLE Beats by Dr.Dre 비츠 스튜디오 프로 와이어리스 ※ 유무선헤드폰 / 음악+통화용 / 밀폐형 / 오버이어 / 블루투스 v5.3 / 3.5mm / USB타입C /[기능] 액티브노이즈캔슬링 / 주변소리듣기 / EQ조절 / DAC내장 / 360도공간음향 / 컨트롤: 전용 앱, 재생/멈춤조절 / 부가기능: 퀵충전, 볼륨조절, 위치찾기 /[배터리] 재생시간: 24시간(ANC ON), 40시간(ANC OFF) / 충전단자: USB타입C /[부가] 접이식 / 밴드조절가능 / 추가구성품: 휴대용케이스 / 무게: 260g / 색상계열: 블랙, 그레이, 네이비, 브라운 / USB타입C 케이블 연결 시 무손실 음원 감상 가능
야마하 YH-L700A ※ 유무선헤드폰 / 음악+통화용 / 밀폐형 / 오버이어 / 블루투스 v5.0 / 3.5mm / 다이나믹드라이버 / 8Hz~40kHz / 오디오코덱: aptX Adaptive, SBC, AAC /[기능] 액티브노이즈캔슬링 / 주변소리듣기 / 멀티페어링 / 오토페어링 / 컨트롤: 재생/멈춤조절 / 부가기능: 볼륨조절, 배터리잔량표시 /[배터리] 재생시간: 11~34시간 / 충전단자: USB타입C /[부가] 접이식 / 회전형이어컵 / 무게: 330g / 3D사운드음장
젠하이저 모멘텀 4 와이어리스 M4AEBT ※ 유무선헤드폰 / 음악+통화용 / 밀폐형 / 오버이어 / 블루투스 v5.2 / 3.5mm / 다이나믹드라이버 / 106dB / 6Hz~22kHz / 오디오코덱: aptX Adaptive, aptX, SBC, AAC /[기능] 액티브노이즈캔슬링 / 주변소리듣기 / 멀티페어링 / 스마트센서 / 마이크특징: MEMS / 컨트롤: 터치버튼, 전용 앱, 재생/멈춤조절 / 부가기능: 퀵충전, 볼륨조절 /[배터리] 재생시간: 60시간(ANC ON) / 배터리용량: 700mAh / 충전단자: USB타입C /[부가] 회전형이어컵 / 추가구성품: 휴대용케이스, 항공기내용어댑터 / 무게: 293g / 색상계열: 블랙, 화이트
SONY WH-1000XM4 ※ 유무선헤드폰 / 음악+통화용 / 밀폐형 / 오버이어 / 블루투스 v5.0 / NFC / 2.4GHz / 3.5mm / 다이나믹드라이버 / 105dB / 4Hz~40kHz / 오디오코덱: LDAC, SBC, AAC / 칩셋: QN1 /[기능] 액티브노이즈캔슬링 / 센스엔진 / 주변소리듣기 / 멀티포인트 / 컨트롤: 터치버튼, 전용 앱 / 부가기능: 볼륨조절 /[배터리] 재생시간: 30시간(NC ON), 38시간(NC OFF) / 충전단자: USB타입C /[부가] 접이식 / 회전형이어컵 / 케이블길이: 1.2m / 무게: 254g / 색상계열: 블랙, 실버
JBL TUNE 510BT ※ 무선헤드폰 / 음악+통화용 / 밀폐형 / 블루투스 v5.0 / 다이나믹드라이버 / 32Ω / 103.5dB / 20Hz~20kHz /[기능] 멀티페어링 / 부가기능: 퀵충전 /[배터리] 재생시간: 40시간 / 배터리용량: 450mAh / 충전단자: USB타입C /[부가] 접이식 / 회전형이어컵 / 무게: 160g / 색상계열: 블랙, 화이트, 핑크
SONY WH-1000XM5 ※ 유무선헤드폰 / 음악+통화용 / 밀폐형 / 오버이어 / 블루투스 v5.2 / 3.5mm / 다이나믹드라이버 / 네오디뮴마그네틱 / 48Ω / 102dB / 4Hz~40kHz / 오디오코덱: LDAC, SBC, AAC / 칩셋: V1, QN1 /[기능] 액티브노이즈캔슬링 / DSEE Extreme / HRA / 주변소리듣기 / 돌비애트모스 / 멀티포인트 / 마이크특징: 빔포밍 / 컨트롤: 터치버튼, 전용 앱, 재생/멈춤조절 / 부가기능: 퀵충전, 볼륨조절 /[배터리] 재생시간: 30시간(ANC ON), 40시간(ANC OFF) / 통화시간: 24시간(ANC ON), 32시간(ANC OFF) / 충전단자: USB /[부가] 회전형이어컵 / 케이블길이: 1.2m / 추가구성품: 휴대용케이스 / 무게: 250g / 색상계열: 블랙, 실버 / Speak to Chat(대화 시 음악정지) / 적응형 사운드 제어 / 360 Reality Audio
BOSE QC ※ 유무선헤드폰 / 음악+통화용 / 밀폐형 / 오버이어 / 블루투스 v5.1 / 3.5mm /[기능] 액티브노이즈캔슬링 / 주변소리듣기 / 바람소리차단 / ANC강도조절 / EQ모드선택 / EQ조절 / 멀티페어링 / 멀티포인트 / 컨트롤: 버튼, 전용 앱, 재생/멈춤조절, 볼륨조절 / 부가기능: 퀵충전, 음성안내 /[배터리] 재생시간: 24시간 / 충전단자: USB타입C /[부가] 접이식 / 회전형이어컵 / 밴드조절가능 / 케이블특징: 탈착식케이블 / 추가구성품: 휴대용케이스 / 무게: 241g / 색상계열: 블랙, 화이트, 그린 / 심플싱크 지원(보스 스마트스피커 및 사운드바 호환)
APPLE 에어팟 맥스 ※ 무선헤드폰 / 음악+통화용 / 밀폐형 / 오버이어 / 블루투스 v5.0 / 다이나믹드라이버 / 오디오코덱: AAC / 칩셋: H1 /[기능] 액티브노이즈캔슬링 / 주변소리듣기 / 스마트센서 / 마이크특징: ENC/노이즈캔슬링 / 컨트롤: 재생/멈춤조절 / 부가기능: 퀵충전, 볼륨조절 /[배터리] 재생시간: 20시간(ANC ON) / 통화시간: 20시간 / 충전단자: 라이트닝 /[부가] 무게: 384.8g / 색상계열: 그레이, 블루, 그린, 핑크, 실버 / 모델명: MGYH3KH / A(스페이스그레이), MGYJ3KH / A(실버), MGYM3KH / A(핑크), MGYN3KH / A(그린), MGYL3KH / A(스카이블루)
마샬 Major IV ※ 유무선헤드폰 / 음악+통화용 / 밀폐형 / 온이어 / 블루투스 v5.0 / 3.5mm / 다이나믹드라이버 / 32Ω / 99dB / 20Hz~20kHz /[기능] 컨트롤: 재생/멈춤조절 / 부가기능: 퀵충전, 볼륨조절 /[배터리] 재생시간: 80시간 / 충전단자: USB타입C, 무선충전 /[부가] 접이식 / 무게: 165g / 색상계열: 블랙, 브라운 / 유선음악공유
B&W Px8 ※ 유무선헤드폰 / 음악+통화용 / 밀폐형 / 오버이어 / 블루투스 v5.2 / 3.5mm / USB타입C / 오디오코덱: aptX HD, aptX Adaptive, aptX, SBC, AAC /[기능] 액티브노이즈캔슬링 / 주변소리듣기 / 멀티페어링 / 컨트롤: 전용 앱 / 부가기능: 퀵충전 /[배터리] 재생시간: 30시간 / 충전단자: USB타입C /[부가] 회전형이어컵 / 밴드조절가능 / 추가구성품: 휴대용케이스 / 무게: 320g
QCY H2 ※ 무선헤드폰 / 음악+통화용 / 게임용 / 밀폐형 / 오버이어 / 블루투스 v5.3 / 네오디뮴마그네틱 /[기능] 저지연게이밍모드 / 베이스부스터 / 멀티포인트 / 컨트롤: 전용 앱, 재생/멈춤조절 / 부가기능: 볼륨조절 /[배터리] 재생시간: 60시간 / 배터리용량: 400mAh / 충전단자: USB타입C /[부가] 접이식 / 회전형이어컵 / 밴드조절가능 / 무게: 228g / 색상계열: 블랙, 그린 / ※정품(국내 출시판)은 로고 헤드밴드 윗면, 해외구매(글로벌 출시판)는 로고 이어컵 옆면
QCY H4 ※ 유무선헤드폰 / 음악+통화용 / 게임용 / 밀폐형 / 오버이어 / 블루투스 / 3.5mm / 다이나믹드라이버 /[기능] 액티브노이즈캔슬링 / HRA / 주변소리듣기 / ANC모드선택 / 저지연게이밍모드 / 멀티포인트 / 마이크특징: ENC/노이즈캔슬링 / 컨트롤: 터치버튼, 전용 앱, 재생/멈춤조절 / 부가기능: 볼륨조절 /[배터리] 재생시간: 70시간 / 배터리용량: 600mAh / 충전단자: USB타입C /[부가] 접이식 / 밴드조절가능 / 무게: 290g / 색상계열: 블랙, 화이트
QCY H3 ※ 유무선헤드폰 / 음악+통화용 / 게임용 / 밀폐형 / 오버이어 / 블루투스 v5.3 / 3.5mm / 다이나믹드라이버 /[기능] 액티브노이즈캔슬링 / HRA / 주변소리듣기 / 적응형ANC / ANC모드선택 / EQ조절 / 저지연게이밍모드 / 멀티포인트 / 마이크특징: ENC/노이즈캔슬링, 빔포밍 / 컨트롤: 전용 앱, 재생/멈춤조절 / 부가기능: 볼륨조절 /[배터리] 재생시간: 35시간(ANC ON), 60시간(ANC OFF) / 배터리용량: 500mAh / 충전단자: USB타입C /[부가] 접이식 / 밴드조절가능 / 무게: 260g / 색상계열: 블랙, 화이트, 네이비
ANKER Soundcore Space Q45 A3040 ※ 유무선헤드폰 / 음악+통화용 / 밀폐형 / 오버이어 / 블루투스 v5.3 / 3.5mm / 오디오코덱: LDAC, SBC, AAC /[기능] 액티브노이즈캔슬링 / HRA / 주변소리듣기 / 멀티포인트 / 컨트롤: 전용 앱 /[배터리] 재생시간: 50시간(ANC ON), 65시간(ANC OFF) / 충전단자: USB타입C /[부가] 접이식 / 추가구성품: 휴대용케이스 / 무게: 290g / 색상계열: 블랙, 화이트
SONY WH-CH720N ※ 유무선헤드폰 / 음악+통화용 / 밀폐형 / 오버이어 / 블루투스 v5.2 / 3.5mm / 다이나믹드라이버 / 네오디뮴마그네틱 / 99dB, 108dB / 7Hz~20kHz(액티브모드), 20Hz~20kHz(블루투스연결) / 오디오코덱: SBC, AAC / 칩셋: V1 /[기능] 액티브노이즈캔슬링 / DSEE / 주변소리듣기 / EQ조절 / 360도공간음향 / 멀티페어링 / 멀티포인트 / 마이크특징: 빔포밍 / 컨트롤: 전용 앱, 재생/멈춤조절 / 부가기능: 퀵충전, 볼륨조절 /[배터리] 재생시간: 35시간(ANC ON), 50시간(ANC OFF) / 통화시간: 35시간(ANC ON), 40시간(ANC OFF) / 충전단자: USB타입C /[부가] 회전형이어컵 / 밴드조절가능 / 케이블특징: 탈착식케이블 / 케이블길이: 1.2m / 무게: 192g / 색상계열: 블랙, 화이트, 블루
앱코 EH220 ※ 유무선헤드폰 / 음악+통화용 / 밀폐형 / 오버이어 / 블루투스 v5.0 / 3.5mm / 다이나믹드라이버 / 32Ω / 99dB / 20Hz~20kHz / 오디오코덱: SBC, AAC /[기능] 컨트롤: 재생/멈춤조절 / 부가기능: 볼륨조절, microSD재생 /[배터리] 재생시간: 20시간 / 배터리용량: 450mAh / 충전단자: micro5핀 /[부가] 무게: 217g / 색상계열: 블랙
뱅앤올룹슨 Beoplay HX ※ 유무선헤드폰 / 음악+통화용 / 밀폐형 / 블루투스 v5.1 / 3.5mm / 다이나믹드라이버 / 네오디뮴마그네틱 / 24Ω / 95dB / 20Hz~22kHz / 오디오코덱: aptX Adaptive, SBC, AAC /[기능] 액티브노이즈캔슬링 / 주변소리듣기 / 멀티포인트 / 마이크특징: MEMS / 컨트롤: 터치버튼, 전용 앱, 재생/멈춤조절 / 부가기능: 볼륨조절 /[배터리] 재생시간: 35시간(NC ON), 40시간(NC OFF) / 충전단자: USB타입C /[부가] 회전형이어컵 / 케이블길이: 1.25m / 무게: 285g
SONY WH-XB910N ※ 유무선헤드폰 / 음악+통화용 / 밀폐형 / 오버이어 / 블루투스 v5.2 / 3.5mm / 다이나믹드라이버 / 48Ω / 96dB / 오디오코덱: LDAC, SBC, AAC /[기능] 액티브노이즈캔슬링 / DSEE HX / ExtraBass / 주변소리듣기 / 멀티포인트 / 컨트롤: 터치버튼, 전용 앱, 재생/멈춤조절 / 부가기능: 퀵충전, 볼륨조절 /[배터리] 재생시간: 30시간(ANC ON), 50시간(ANC OFF) / 충전단자: USB타입C /[부가] 접이식 / 회전형이어컵 / 케이블길이: 1.2m / 추가구성품: 휴대용케이스 / 무게: 252g / 색상계열: 블랙, 블루 / 360 리얼리티 오디오
JBL TOUR ONE M2 ※ 유무선헤드폰 / 음악+통화용 / 밀폐형 / 오버이어 / 블루투스 v5.3 / 3.5mm / 다이나믹드라이버 / 32Ω / 117dB / 10Hz~40kHz /[기능] 액티브노이즈캔슬링 / HRA / 주변소리듣기 / 적응형ANC / EQ조절 / 대화감지 / 멀티포인트 / 스마트센서 / 컨트롤: 전용 앱, 재생/멈춤조절 / 부가기능: 퀵충전, 볼륨조절 /[배터리] 재생시간: 30시간(ANC ON), 50시간(ANC OFF) / 충전단자: USB타입C /[부가] 접이식 / 회전형이어컵 / 밴드조절가능 / 추가구성품: 휴대용케이스, 항공기내용어댑터 / 무게: 272g / 색상계열: 블랙, 골드
SONY WH-CH520 ※ 무선헤드폰 / 음악+통화용 / 밀폐형 / 온이어 / 블루투스 v5.2 / 20Hz~20kHz / 오디오코덱: SBC, AAC /[기능] DSEE / EQ조절 / 360도공간음향 / 멀티페어링 / 멀티포인트 / 컨트롤: 전용 앱, 재생/멈춤조절 / 부가기능: 퀵충전, 볼륨조절 /[배터리] 재생시간: 50시간(AAC, DSEE OFF) / 통화시간: 40시간 / 충전단자: USB타입C /[부가] 회전형이어컵 / 밴드조절가능 / 무게: 147g / 색상계열: 블랙, 화이트, 블루, 베이지
앱코 EH200 BT ※ 유무선헤드폰 / 음악+통화용 / 밀폐형 / 블루투스 v5.0 / 3.5mm / 32Ω / 105dB / 20Hz~20kHz /[기능] 부가기능: 볼륨조절 /[배터리] 재생시간: 10시간 / 배터리용량: 250mAh / 충전단자: micro5핀 /[부가] 접이식 / 무게: 179g / 색상계열: 블랙
마크레빈슨 No.5909 ※ 유무선헤드폰 / 음악+통화용 / 밀폐형 / 오버이어 / 블루투스 v5.1 / 3.5mm / 6.3mm / 32Ω / 97dB / 10Hz~40kHz / 오디오코덱: LDAC, aptX Adaptive, AAC /[기능] 액티브노이즈캔슬링 / HRA / 주변소리듣기 / 멀티페어링 / 마이크특징: 빔포밍 / 컨트롤: 전용 앱, 재생/멈춤조절 / 부가기능: 퀵충전, 볼륨조절 /[배터리] 재생시간: 34시간 / 배터리용량: 750mAh / 충전단자: USB타입C /[부가] 회전형이어컵 / 추가구성품: 휴대용케이스, 항공기내용어댑터 / 무게: 340g / 색상계열: 블랙, 그레이, 레드
JBL TUNE 720BT ※ 유무선헤드폰 / 음악+통화용 / 밀폐형 / 오버이어 / 블루투스 v5.3 / 3.5mm / 다이나믹드라이버 / 32Ω / 101dB / 20Hz~20kHz /[기능] EQ조절 / 멀티포인트 / 컨트롤: 전용 앱, 재생/멈춤조절 / 부가기능: 퀵충전, 볼륨조절 /[배터리] 재생시간: 76시간 / 충전단자: USB타입C /[부가] 접이식 / 회전형이어컵 / 밴드조절가능 / 무게: 220g / 색상계열: 블랙, 화이트, 퍼플
베이스어스 D02 Pro ※ 유무선헤드폰 / 음악+통화용 / 밀폐형 / 오버이어 / 블루투스 v5.0 / 3.5mm / 20Hz~20kHz /[기능] 컨트롤: 재생/멈춤조절 / 부가기능: 볼륨조절 /[배터리] 재생시간: 40시간 / 배터리용량: 450mAh / 충전단자: USB타입C /[부가] 접이식 / 회전형이어컵 / 무게: 190g
야마하 YH-E700B ※ 유무선헤드폰 / 음악+통화용 / 밀폐형 / 오버이어 / 블루투스 v5.2 / 3.5mm / 다이나믹드라이버 / 8Hz~20kHz / 오디오코덱: aptX Adaptive, SBC, AAC /[기능] 액티브노이즈캔슬링 / 주변소리듣기 / 적응형ANC / 마이크특징: CVC / 컨트롤: 전용 앱, 재생/멈춤조절 / 부가기능: 볼륨조절 / 재생시간: 32시간 / 충전단자: USB타입C /[부가] 회전형이어컵 / 밴드조절가능 / 추가구성품: 휴대용케이스, 항공기내용어댑터
BOSE QC Ultra ※ 유무선헤드폰 / 음악+통화용 / 밀폐형 / 오버이어 / 블루투스 v5.3 / 3.5mm / 오디오코덱: aptX Adaptive, SBC, AAC /[기능] 액티브노이즈캔슬링 / 주변소리듣기 / EQ조절 / 멀티포인트 / 컨트롤: 버튼, 전용 앱, 재생/멈춤조절, 볼륨조절 / 부가기능: 퀵충전 /[배터리] 재생시간: 24시간 / 충전단자: USB타입C /[부가] 접이식 / 회전형이어컵 / 밴드조절가능 / 추가구성품: 휴대용케이스 / 무게: 254g / 색상계열: 블랙, 화이트 / Immersive Audio(공간음향 구현) / CustomTune(사용자 귀 맞춤 사운드 조정) / 심플싱크 지원(보스 스마트스피커 및 사운드바 호환)
BOSE QC 35 II ※ 유무선헤드폰 / 음악+통화용 / 밀폐형 / 오버이어 / 블루투스 v4.2 / NFC / 3.5mm / 오디오코덱: SBC /[기능] 액티브노이즈캔슬링 / 멀티페어링 / 멀티포인트 / 컨트롤: 전용 앱, 재생/멈춤조절 / 부가기능: 퀵충전, 볼륨조절, 음성안내 /[배터리] 재생시간: 최대 20시간, 최대 40시간(유선) /[부가] 케이블특징: 좌우대칭 / 무게: 235g / 클리어링
뱅앤올룹슨 Beoplay H95 ※ 유무선헤드폰 / 음악+통화용 / 밀폐형 / 오버이어 / 블루투스 v5.1 / 3.5mm / 12Ω / 101.5dB / 20Hz~22kHz / 오디오코덱: aptX, SBC, AAC /[기능] 액티브노이즈캔슬링 / 마이크특징: ENC/노이즈캔슬링, MEMS / 컨트롤: 전용 앱, 재생/멈춤조절 /[배터리] 재생시간: 38시간(NC ON), 50시간(NC OFF) / 배터리용량: 1,110mAh / 충전단자: USB타입C /[부가] 접이식 / 회전형이어컵 / 무게: 323g
1more SonoFlow ※ 유무선헤드폰 / 음악+통화용 / 밀폐형 / 오버이어 / 블루투스 v5.0 / 3.5mm / 다이나믹드라이버 / 32Ω / 오디오코덱: LDAC /[기능] 액티브노이즈캔슬링 / HRA / 주변소리듣기 / 멀티포인트 / 마이크특징: 빔포밍 / 컨트롤: 전용 앱, 재생/멈춤조절 / 부가기능: 퀵충전, 볼륨조절 /[배터리] 재생시간: 50시간(ANC ON), 70시간(ANC OFF) / 배터리용량: 720mAh /[부가] 접이식 / 회전형이어컵 / 추가구성품: 휴대용케이스 / 무게: 250g
뱅앤올룹슨 BEOPLAY H9 3rd ※ 유무선헤드폰 / 음악+통화용 / 밀폐형 / 오버이어 / 블루투스 v4.2 / 3.5mm / 다이나믹드라이버 / 24Ω / 95dB / 20Hz~22KHz / 오디오코덱: aptX, SBC, AAC /[기능] 액티브노이즈캔슬링 / 마이크특징: MEMS / 컨트롤: 터치버튼, 전용 앱, 재생/멈춤조절 / 부가기능: 볼륨조절 /[배터리] 재생시간: 25시간(NC ON), 32시간(NC OFF) / 배터리용량: 1,100mAh / 충전단자: USB타입C /[부가] 회전형이어컵 / 케이블길이: 1.2m / 무게: 295g(케이블 포함)
BOSE NC 700 ※ 유무선헤드폰 / 음악+통화용 / 밀폐형 / 오버이어 / 블루투스 v5.0 / 3.5mm /[기능] 액티브노이즈캔슬링 / 주변소리듣기 / 멀티포인트 / 컨트롤: 터치버튼, 전용 앱, 재생/멈춤조절 / 부가기능: 퀵충전, 볼륨조절 /[배터리] 재생시간: 20시간 / 충전단자: USB타입C /[부가] 회전형이어컵 / 케이블길이: 1.0m / 추가구성품: 휴대용케이스 / 무게: 250g / 11단계ANC기능
QCY H2 PRO ※ 유무선헤드폰 / 음악+통화용 / 게임용 / 밀폐형 / 오버이어 / 블루투스 v5.3 /[기능] EQ조절 / 저지연게이밍모드 / 베이스부스터 / 멀티포인트 / 마이크특징: ENC/노이즈캔슬링 / 컨트롤: 전용 앱, 재생/멈춤조절 / 부가기능: 볼륨조절 /[배터리] 재생시간: 60시간 / 배터리용량: 400mAh / 충전단자: USB타입C /[부가] 접이식 / 밴드조절가능 / 무게: 241g / 색상계열: 블랙, 화이트 / 3.5mm AUX선 연결 가능하지만 기본 구성품 미포함 / ※정품(국내 출시판)은 로고 헤드밴드 윗면, 해외구매(글로벌 출시판)는 로고 이어컵 옆면
JBL LIVE 660NC ※ 유무선헤드폰 / 음악+통화용 / 밀폐형 / 오버이어 / 블루투스 v5.0 / 3.5mm / 다이나믹드라이버 / 32Ω / 97dB / 16Hz~20kHz /[기능] 액티브노이즈캔슬링 / 주변소리듣기 / 멀티포인트 / 컨트롤: 전용 앱 / 부가기능: 퀵충전 /[배터리] 재생시간: 40시간(ANC ON), 50시간(ANC OFF) / 배터리용량: 750mAh / 충전단자: USB타입C /[부가] 회전형이어컵 / 무게: 265g
Britz 브리츠인터내셔널 BT3000 ※ 유무선헤드폰 / 음악+통화용 / 밀폐형 / 오버이어 / 블루투스 v5.1 / 3.5mm / 네오디뮴마그네틱 / 32Ω / 96dB / 20Hz~20kHz / 오디오코덱: SBC /[기능] 컨트롤: 재생/멈춤조절 / 부가기능: 볼륨조절 /[배터리] 재생시간: 30시간 / 배터리용량: 350mAh / 충전단자: USB타입C /[부가] 무게: 168g
SONY WH-CH510 ※ 무선헤드폰 / 음악+통화용 / 밀폐형 / 온이어 / 블루투스 v5.0 / NFC / 다이나믹드라이버 / 50Ω / 101dB / 20Hz~20kHz / 오디오코덱: SBC, AAC /[기능] 컨트롤: 재생/멈춤조절 / 부가기능: 퀵충전, 볼륨조절 /[배터리] 재생시간: 35시간 / 통화시간: 30시간 / 충전단자: USB타입C /[부가] 회전형이어컵 / 무게: 132g
Britz 브리츠인터내셔널 W800BT Qplus ※ 유무선헤드폰 / 음악+통화용 / 밀폐형 / 블루투스 v5.0 / 3.5mm / 다이나믹드라이버 / 32Ω / 100dB / 20Hz~20kHz /[기능] 마이크특징: CVC 8.0 / 컨트롤: 재생/멈춤조절 / 부가기능: 볼륨조절 /[배터리] 재생시간: 50시간 / 배터리용량: 850mAh / 충전단자: micro5핀 /[부가] 무게: 200g
에디파이어 W820NB ※ 무선헤드폰 / 음악+통화용 / 게임용 / 밀폐형 / 오버이어 / 91dB / 20Hz~40kHz / 오디오코덱: SBC, AAC /[기능] 액티브노이즈캔슬링 / HRA / 주변소리듣기 / 저지연게이밍모드 / 컨트롤: 재생/멈춤조절 / 부가기능: 볼륨조절 /[배터리] 재생시간: 29시간(ANC ON), 49시간(ANC OFF)
SONY WH-1000XM5 미드나잇블루 ※ 유무선헤드폰 / 음악+통화용 / 밀폐형 / 오버이어 / 블루투스 v5.2 / 3.5mm / 다이나믹드라이버 / 네오디뮴마그네틱 / 48Ω / 102dB / 4Hz~40kHz / 오디오코덱: LDAC, SBC, AAC / 칩셋: V1, QN1 /[기능] 액티브노이즈캔슬링 / DSEE Extreme / HRA / 주변소리듣기 / 돌비애트모스 / 멀티포인트 / 마이크특징: 빔포밍 / 컨트롤: 터치버튼, 전용 앱, 재생/멈춤조절 / 부가기능: 퀵충전, 볼륨조절 /[배터리] 재생시간: 30시간(ANC ON), 40시간(ANC OFF) / 통화시간: 24시간(ANC ON), 32시간(ANC OFF) / 충전단자: USB /[부가] 회전형이어컵 / 케이블길이: 1.2m / 추가구성품: 휴대용케이스 / 무게: 250g / 색상계열: 블루 / Speak to Chat(대화 시 음악정지) / 적응형 사운드 제어 / 360 Reality Audio
포칼 BATHYS ※ 유무선헤드폰 / 음악+통화용 / 밀폐형 / 오버이어 / 블루투스 v5.1 / 3.5mm / 15Hz~22kHz / 오디오코덱: aptX Adaptive, aptX, SBC, AAC /[기능] 액티브노이즈캔슬링 / 컨트롤: 전용 앱 / 부가기능: 퀵충전 /[배터리] 재생시간: 30시간 / 충전단자: USB타입C /[부가] 회전형이어컵 / 밴드조절가능 / 케이블특징: 탈착식케이블 / 케이블길이: 1.2m / 추가구성품: 휴대용케이스 / 무게: 350g / USB DAC 모드
레노버 씽크플러스 TH10 ※ 유무선헤드폰 / 음악+통화용 / 밀폐형 / 오버이어 / 블루투스 v5.0 / 3.5mm /[기능] 마이크특징: CVC / 컨트롤: 재생/멈춤조절 / 부가기능: 볼륨조절 /[배터리] 재생시간: 12시간 / 배터리용량: 300mAh / 충전단자: USB타입C /[부가] 밴드조절가능 / 색상계열: 블랙, 화이트
레노버 씽크플러스 TH30 ※ 무선헤드폰 / 음악+통화용 / 게임용 / 밀폐형 / 오버이어 / 블루투스 v5.1 / 다이나믹드라이버 / 20Hz~20kHz /[기능] 액티브노이즈캔슬링 / 저지연게이밍모드 / 컨트롤: 재생/멈춤조절 / 부가기능: 볼륨조절 / 재생시간: 5시간 /[부가] 밴드조절가능 / 색상계열: 블랙, 핑크, 베이지
SONY WH-1000XM3 ※ 유무선헤드폰 / 음악+통화용 / 밀폐형 / 오버이어 / 블루투스 v4.2 / 3.5mm / 다이나믹드라이버 / 네오디뮴마그네틱 / 47Ω / 104.5dB / 20Hz~40KHz / 오디오코덱: LDAC, aptX HD, aptX, SBC, AAC / 칩셋: QN1 /[기능] 액티브노이즈캔슬링 / DSEE HX / 센스엔진 / HRA / 주변소리듣기 / DAC내장 / 마이크특징: HD보이스 / 컨트롤: 터치버튼, 전용 앱, 재생/멈춤조절 / 부가기능: 퀵충전, 볼륨조절 /[배터리] 재생시간: 최대 30시간(NC ON), 최대 38시간(NC OFF) / 통화시간: 최대 24시간(NC ON), 최대 30시간(NC OFF) / 충전단자: USB타입C /[부가] 접이식 / 회전형이어컵 / 케이블특징: OFC재질 / 케이블길이: 1.2m / 무게: 255g
젠하이저 모멘텀 3세대 무선 M3 AEBT ※ 유무선헤드폰 / 음악+통화용 / 밀폐형 / 오버이어 / 블루투스 v5.0 / NFC / 3.5mm / 6Hz~22kHz / 오디오코덱: aptX, SBC, AAC /[기능] 액티브노이즈캔슬링 / 주변소리듣기 / 컨트롤: 전용 앱, 재생/멈춤조절 / 부가기능: 볼륨조절, 음성안내 /[배터리] 재생시간: 17시간 / 충전단자: USB타입C /[부가] 접이식
JBL TUNE 670NC ※ 유무선헤드폰 / 음악+통화용 / 밀폐형 / 온이어 / 블루투스 v5.3 / 3.5mm / 다이나믹드라이버 / 32Ω / 98dB / 20Hz~20kHz /[기능] 액티브노이즈캔슬링 / 주변소리듣기 / EQ모드선택 / 대화감지 / 멀티포인트 / 컨트롤: 전용 앱 / 부가기능: 퀵충전 /[배터리] 재생시간: 44시간(ANC ON), 70시간(ANC OFF) / 충전단자: USB타입C /[부가] 접이식 / 회전형이어컵 / 케이블길이: 1.2m / 무게: 174g / 색상계열: 블랙, 화이트, 퍼플
AKG Y50 BT ※ 유무선헤드폰 / 음악+통화용 / 밀폐형 / 오버이어 / 블루투스 v3.0 / 3.5mm / 32Ω / 113dB / 20Hz~20kHz / 오디오코덱: aptX, SBC /[기능] 컨트롤: 재생/멈춤조절 / 부가기능: 볼륨조절 /[배터리] 재생시간: 최대 20시간 /[부가] 접이식 / 케이블특징: 좌우대칭 / 케이블길이: 1.2m
오디오테크니카 ATH-M50xBT2 ※ 유무선헤드폰 / 음악+통화용 / 게임용 / 밀폐형 / 오버이어 / 블루투스 v5.0 / 3.5mm / 다이나믹드라이버 / 38Ω / 99dB / 15Hz~28kHz / 오디오코덱: LDAC, SBC, AAC /[기능] 저지연게이밍모드 / 멀티페어링 / 마이크특징: 듀얼빔포밍 / 컨트롤: 전용 앱, 재생/멈춤조절 / 부가기능: 퀵충전, 볼륨조절 /[배터리] 재생시간: 50시간 / 충전단자: USB타입C /[부가] 접이식 / 회전형이어컵 / 케이블길이: 1.2m / 무게: 307g
1MORE SonoFlow SE ※ 무선헤드폰 / 음악+통화용 / 밀폐형 / 오버이어 / 블루투스 v5.0 / 다이나믹드라이버 / 32Ω /[기능] 액티브노이즈캔슬링 / EQ모드선택 / 부가기능: 퀵충전 /[배터리] 재생시간: 50시간(ANC ON), 70시간(ANC OFF) / 배터리용량: 720mAh / 충전단자: USB타입C /[부가] 회전형이어컵 / 밴드조절가능 / 무게: 240g / 색상계열: 블랙
JBL JR310BT ※ 무선헤드폰 / 음악+통화용 / 어린이용 / 블루투스 v5.0 / 다이나믹드라이버 / 32Ω / 80dB / 20Hz~20kHz /[기능] 85dB볼륨제한 /[배터리] 재생시간: 30시간 / 배터리용량: 400mAh / 충전단자: USB타입C /[부가] 무게: 115g
KOSS KPH7 Wireless ※ 무선헤드폰 / 음악+통화용 / 밀폐형 / 블루투스 v5.0 / 20Hz~20000Hz /[기능] 부가기능: 볼륨조절 /[배터리] 재생시간: 18시간 /[부가] 접이식 / 조절 가능한 헤드밴드 / 온보드마이크 / 손쉬운 페어링
T+A Solitaire T ※ 유무선헤드폰 / 음악+통화용 / 밀폐형 / 오버이어 / 블루투스 v5.1 / 3.5mm / 4.4mm / 6.3mm / 다이나믹드라이버 / 64Ω / 106dB / 4Hz~22kHz / 오디오코덱: aptX HD, aptX, SBC, AAC /[기능] 액티브노이즈캔슬링 / 주변소리듣기 / ANC모드선택 / EQ조절 / 컨트롤: 터치버튼, 전용 앱 /[배터리] 재생시간: 35시간(HQ모드), 70시간(ANC ON) / 배터리용량: 1,200mAh / 충전단자: USB타입C /[부가] 접이식 / 밴드조절가능 / 케이블특징: 탈착식케이블 / 추가구성품: 휴대용케이스, 항공기내용어댑터 / 무게: 326g / 색상계열: 블랙, 화이트
APPLE Beats by Dr.Dre 비츠 스튜디오3 와이어리스 ※ 유무선헤드폰 / 음악+통화용 / 밀폐형 / 오버이어 / 블루투스 v4.0 / 3.5mm / 칩셋: W1 /[기능] 액티브노이즈캔슬링 / 마이크특징: ENC/노이즈캔슬링 / 부가기능: 퀵충전, 볼륨조절 /[배터리] 재생시간: 40시간 /[부가] 접이식 / 케이블특징: 좌우대칭 / 무게: 260g / 색상계열: 블랙, 화이트, 그레이, 블루, 레드
Britz 브리츠인터내셔널 BT3500 ※ 무선헤드폰 / 음악+통화용 / 게임용 / 밀폐형 / 온이어 / 블루투스 v5.2 / 16Ω / 91dB / 20Hz~20kHz / 오디오코덱: SBC /[기능] 저지연게이밍모드 / 85dB볼륨제한 / 멀티페어링 / 컨트롤: 전용 앱, 재생/멈춤조절 / 부가기능: 퀵충전, 볼륨조절 /[배터리] 재생시간: 40시간 / 배터리용량: 350mAh / 충전단자: USB타입C /[부가] 접이식 / 회전형이어컵 / 밴드조절가능 / 무게: 172g
에디파이어 W820NB Plus ※ 유무선헤드폰 / 음악+통화용 / 밀폐형 / 오버이어 / 블루투스 v5.2 / USB / 다이나믹드라이버 / 91dB / 20Hz~40kHz / 오디오코덱: LDAC, SBC /[기능] 액티브노이즈캔슬링 / HRA / 주변소리듣기 / EQ모드선택 / 저지연게이밍모드 / 마이크특징: ENC/노이즈캔슬링 / 컨트롤: 전용 앱, 재생/멈춤조절 / 부가기능: 퀵충전, 볼륨조절 /[배터리] 재생시간: 33시간(ANC ON), 49시간(ANC OFF) / 충전단자: USB타입C /[부가] 회전형이어컵 / 밴드조절가능 / 무게: 220g / 색상계열: 블랙, 그레이, 블루, 그린, 베이지
디알고 P5C ※ 유무선헤드폰 / 음악+통화용 / 밀폐형 / 오버이어 / 블루투스 v5.3 / 3.5mm / 32Ω / 오디오코덱: SBC, AAC /[기능] 컨트롤: 버튼, 재생/멈춤조절, 볼륨조절 /[배터리] 재생시간: 12시간 / 배터리용량: 300mAh / 충전단자: USB타입C /[부가] 회전형이어컵 / 밴드조절가능 / 추가구성품: 휴대용케이스 / 무게: 195g / 색상계열: 블랙
B&W Px8 McLaren Edition ※ 유무선헤드폰 / 음악+통화용 / 밀폐형 / 오버이어 / 블루투스 v5.2 / 3.5mm / 다이나믹드라이버 / 33Ω / 오디오코덱: aptX HD, aptX Adaptive, aptX, SBC, AAC /[기능] 액티브노이즈캔슬링 / 주변소리듣기 / 스마트센서 / 부가기능: 퀵충전 /[배터리] 재생시간: 30시간(ANC ON) / 충전단자: USB타입C /[부가] 회전형이어컵 / 케이블길이: 1.2m / 추가구성품: 휴대용케이스 / 무게: 320g
SONY WH-1000XM4 미드나잇블루 ※ 유무선헤드폰 / 음악+통화용 / 밀폐형 / 오버이어 / 블루투스 v5.0 / NFC / 2.4GHz / 3.5mm / 다이나믹드라이버 / 105dB / 4Hz~40kHz / 오디오코덱: LDAC, SBC, AAC / 칩셋: QN1 /[기능] 액티브노이즈캔슬링 / 센스엔진 / 주변소리듣기 / 멀티포인트 / 컨트롤: 터치버튼, 전용 앱 / 부가기능: 볼륨조절 /[배터리] 재생시간: 30시간(NC ON), 38시간(NC OFF) / 충전단자: USB타입C /[부가] 접이식 / 회전형이어컵 / 케이블길이: 1.2m / 무게: 254g
Actto 비올라 BTH-02 ※ 유무선헤드폰 / 음악+통화용 / 밀폐형 / 블루투스 v5.0 / 3.5mm / 32Ω / 103dB / 20Hz~20kHz /[기능] 컨트롤: 재생/멈춤조절 / 부가기능: 볼륨조절, 라디오, microSD재생 /[배터리] 재생시간: 5시간 / 통화시간: 4시간 / 충전단자: micro5핀 /[부가] 접이식 / 케이블길이: 1.2m
서진네트웍스 UNICORN Beatles Band ※ 무선헤드폰 / 음악+통화용 / 밀폐형 / 오버이어 / 블루투스 v4.1 / 20Hz~20kHz / 오디오코덱: SBC /[기능] 컨트롤: 재생/멈춤조절 / 부가기능: 볼륨조절, 음성안내, 라디오, microSD재생 /[배터리] 재생시간: 약6~8시간(상황에 따른 차등) /[부가] 케이블특징: 좌우대칭 / 미끄럼방지고무패드
SONY WH-CH710N ※ 유무선헤드폰 / 음악+통화용 / 밀폐형 / 오버이어 / 블루투스 v5.0 / NFC / 3.5mm / 다이나믹드라이버 / 72Ω / 94dB / 7Hz~20kHz / 오디오코덱: SBC, AAC /[기능] 액티브노이즈캔슬링 / DSEE HX / 주변소리듣기 / 부가기능: 퀵충전, 볼륨조절 /[배터리] 재생시간: 35시간(NC ON) / 충전단자: USB타입C /[부가] 회전형이어컵 / 무게: 223g / SCMS-T
Actto 서라운드 BTH-05 ※ 유무선헤드폰 / 음악+통화용 / 밀폐형 / 블루투스 v5.0 / 3.5mm / 다이나믹드라이버 / 32Ω / 116dB / 20Hz~20kHz /[기능] 컨트롤: 재생/멈춤조절 / 부가기능: 볼륨조절 /[배터리] 재생시간: 5시간 / 통화시간: 5시간 / 배터리용량: 250mAh / 충전단자: micro5핀 /[부가] 접이식 / 무게: 188g
Britz 브리츠인터내셔널 W800BT ※ 유무선헤드폰 / 음악+통화용 / 밀폐형 / 오버이어 / 블루투스 v4.0 / 3.5mm / 네오디뮴마그네틱 / 32Ω / 100dB / 20Hz~20kHz / 오디오코덱: SBC /[기능] 부가기능: 볼륨조절 /[배터리] 재생시간: 35시간 / 배터리용량: 1,400mAh / 충전단자: micro5핀 /[부가] 케이블길이: 1.2m / 무게: 200g
Smartek STBT-H200 ※ 유무선헤드폰 / 음악+통화용 / 밀폐형 / 블루투스 v4.2 / 3.5mm / 16Ω / 65dB / 20Hz~20kHz /[기능] 마이크특징: ENC/노이즈캔슬링 / 컨트롤: 재생/멈춤조절 / 부가기능: 볼륨조절, 음성안내, 라디오, microSD재생 /[배터리] 재생시간: 4시간 / 통화시간: 4시간 / 충전단자: micro5핀 /[부가] 회전형이어컵
디알고 BH020C ※ 유무선헤드폰 / 음악+통화용 / 밀폐형 / 오버이어 / 블루투스 v5.3 / 3.5mm /[기능] 컨트롤: 재생/멈춤조절 / 부가기능: 볼륨조절 /[배터리] 재생시간: 14시간 / 배터리용량: 200mAh / 충전단자: USB타입C /[부가] 무게: 155g
Britz 브리츠인터내셔널 ANC400 ※ 유무선헤드폰 / 음악+통화용 / 밀폐형 / 오버이어 / 블루투스 v5.0 / 3.5mm / 다이나믹드라이버 / 20Hz~20kHz /[기능] 부가기능: 볼륨조절 /[배터리] 재생시간: 35시간(ANC ON), 38시간(ANC OFF) / 충전단자: micro5핀 /[부가] 접이식 / 회전형이어컵 / 무게: 241g
야마하 YH-E700A ※ 유무선헤드폰 / 음악+통화용 / 밀폐형 / 오버이어 / 블루투스 v5.0 / 3.5mm / 다이나믹드라이버 / 8Hz~40kHz / 오디오코덱: aptX Adaptive, SBC, AAC /[기능] 액티브노이즈캔슬링 / 주변소리듣기 / 멀티페어링 / 오토페어링 / 컨트롤: 재생/멈춤조절 / 부가기능: 볼륨조절, 배터리잔량표시 /[배터리] 재생시간: 35시간 / 충전단자: USB타입C /[부가] 무게: 325g
Britz 브리츠인터내셔널 ANC600 ※ 유무선헤드폰 / 음악+통화용 / 밀폐형 / 오버이어 / 블루투스 v5.0 / 3.5mm / 네오디뮴마그네틱 / 32Ω / 120dB / 20Hz~20kHz /[기능] 액티브노이즈캔슬링 / 멀티페어링 / 부가기능: 볼륨조절 /[배터리] 재생시간: 40시간(ANC ON), 42시간(ANC OFF) / 배터리용량: 500mAh / 충전단자: USB타입C /[부가] 접이식 / 회전형이어컵 / 무게: 243g
에디파이어 MT6 ※ 무선헤드폰 / 음악+통화용 / 밀폐형 / 오버이어 / 블루투스 v5.3 / 91dB / 20Hz~20kHz /[기능] 액티브노이즈캔슬링 / 주변소리듣기 / ANC모드선택 / 저지연게이밍모드 / 컨트롤: 전용 앱, 재생/멈춤조절 / 부가기능: 볼륨조절 /[배터리] 재생시간: 48시간(ANC ON), 70시간(ANC OFF) /[부가] 접이식 / 밴드조절가능 / 색상계열: 그레이, 블루, 베이지
APPLE Beats by Dr.Dre 솔로3 와이어리스 ※ 유무선헤드폰 / 음악+통화용 / 밀폐형 / 온이어 / 블루투스 / 3.5mm / 오디오코덱: SBC, AAC / 칩셋: W1 /[기능] 멀티페어링 / 마이크특징: 빔포밍 / 컨트롤: 재생/멈춤조절 / 부가기능: 퀵충전, 볼륨조절 /[배터리] 재생시간: 최대 40시간 /[부가] 접이식 / 케이블특징: 좌우대칭 / 무게: 215g / 색상계열: 블랙, 레드, 핑크, 실버, 골드
아디다스 RPT-02 SOL GB3689 ※ 무선헤드폰 / 음악+통화용 / 밀폐형 / 온이어 / 블루투스 v5.2 / 32Ω / 105dB / 20Hz~20kHz /[기능] 컨트롤: 전용 앱, 재생/멈춤조절 / IPX4방수 /[배터리] 재생시간: 80시간 / 충전단자: USB타입C /[부가] 무게: 256g / 태양광 충전으로 무제한 재생 가능
라온 BTH-3000 ※ 유무선헤드폰 / 음악+통화용 / 밀폐형 / 오버이어 / 블루투스 v5.0 / 3.5mm / 110dB / 20Hz~20kHz /[기능] 컨트롤: 재생/멈춤조절 / 부가기능: 볼륨조절, 음성안내, microSD재생 /[배터리] 재생시간: 4시간 / 배터리용량: 180mAh /[부가] 접이식
SONY WH-L600 ※ 무선헤드폰 / AV서라운드 / 밀폐형 / 20Hz~20kHz / 오디오코덱: AAC /[기능] 돌비디지털 / DTS / 부가기능: 볼륨조절 /[배터리] 재생시간: 17시간 /[부가] 추가구성품: 헤드폰거치대 / 무게: 470g / 7.1채널서라운드(입력:최대5.1ch지원) / VPT기술 / MATRIX디코더 / 사운드모드 / 충전스탠드단자:HDMI ARC(출력),오디오(입력),Optical(입력)
디알고 BH030 ※ 유무선헤드폰 / 음악+통화용 / 밀폐형 / 온이어 / 블루투스 v5.0 / 3.5mm /[기능] 컨트롤: 재생/멈춤조절 / 부가기능: 라디오, microSD재생 /[배터리] 재생시간: 7시간 / 배터리용량: 300mAh / 충전단자: micro5핀 /[부가] 접이식 / 무게: 158g / 6D 서라운드 스테레오 / LED효과 / 자동절전기능
오디오테크니카 ATH-M50xBT2 IB ※ 유무선헤드폰 / 음악+통화용 / 게임용 / 밀폐형 / 오버이어 / 블루투스 v5.0 / 3.5mm / 다이나믹드라이버 / 38Ω / 99dB / 15Hz~28kHz / 오디오코덱: LDAC, SBC, AAC /[기능] 저지연게이밍모드 / 멀티페어링 / 마이크특징: 듀얼빔포밍 / 컨트롤: 전용 앱, 재생/멈춤조절 / 부가기능: 퀵충전, 볼륨조절 /[배터리] 재생시간: 50시간 / 충전단자: USB타입C /[부가] 접이식 / 회전형이어컵 / 케이블길이: 1.2m / 무게: 307g / 색상계열: 블루
피아톤 보노비츠 라이트 BN300 ※ 무선헤드폰 / 음악+통화용 / 밀폐형 / 온이어 / 블루투스 v5.3 / 다이나믹드라이버 / 105dB / 오디오코덱: aptX HD, aptX, SBC, AAC /[기능] 액티브노이즈캔슬링 / 주변소리듣기 / EQ조절 / 멀티포인트 / 마이크특징: CVC / 컨트롤: 전용 앱, 재생/멈춤조절 / 부가기능: 퀵충전, 볼륨조절 /[배터리] 재생시간: 30시간(ANC ON) / 충전단자: USB타입C /[부가] 회전형이어컵 / 밴드조절가능 / 무게: 148g / 색상계열: 블랙, 베이지
JBL TUNE 760NC ※ 유무선헤드폰 / 음악+통화용 / 밀폐형 / 오버이어 / 블루투스 v5.0 / 3.5mm / 다이나믹드라이버 / 32Ω / 105dB / 20Hz~20kHz /[기능] 액티브노이즈캔슬링 / 멀티포인트 / 컨트롤: 재생/멈춤조절 / 부가기능: 퀵충전, 볼륨조절 /[배터리] 재생시간: 35시간(ANC ON), 50시간(ANC OFF) / 배터리용량: 610mAh / 충전단자: USB타입C /[부가] 회전형이어컵 / 무게: 220g / 색상계열: 블랙, 화이트
디알고 BHANC08 ※ 유무선헤드폰 / 음악+통화용 / 밀폐형 / 오버이어 / 블루투스 v5.3 / 3.5mm / 오디오코덱: SBC /[기능] 액티브노이즈캔슬링 / 컨트롤: 재생/멈춤조절 / 부가기능: 볼륨조절 /[배터리] 재생시간: 32시간(ANC ON+BT ON), 45시간(ANC OFF+BT ON), 56시간(ANC ON+BT OFF) / 배터리용량: 500mAh / 충전단자: USB타입C /[부가] 접이식 / 회전형이어컵 / 밴드조절가능 / 추가구성품: 휴대용케이스 / 무게: 224g
SONY WH-1000XM4 사일런트 화이트 에디션 ※ 유무선헤드폰 / 음악+통화용 / 밀폐형 / 오버이어 / 블루투스 v5.0 / NFC / 2.4GHz / 3.5mm / 다이나믹드라이버 / 105dB / 4Hz~40kHz / 오디오코덱: LDAC, SBC, AAC / 칩셋: QN1 /[기능] 액티브노이즈캔슬링 / 센스엔진 / 주변소리듣기 / 멀티포인트 / 컨트롤: 터치버튼, 전용 앱 / 부가기능: 볼륨조절 /[배터리] 재생시간: 30시간(NC ON), 38시간(NC OFF) / 충전단자: USB타입C /[부가] 접이식 / 회전형이어컵 / 케이블길이: 1.2m / 무게: 254g
SKY 핏 H2 IM-H2 ※ 유무선헤드폰 / 음악+통화용 / 밀폐형 / 오버이어 / 블루투스 v5.1 / 3.5mm / 오디오코덱: SBC /[기능] 멀티페어링 / 컨트롤: 재생/멈춤조절 / 부가기능: 볼륨조절 /[배터리] 재생시간: 30시간 / 배터리용량: 450mAh / 충전단자: USB타입C /[부가] 접이식 / 무게: 190g
ANKER Soundcore Life Q30 A3028 ※ 무선헤드폰 / 음악+통화용 / 밀폐형 / 블루투스 v5.0 / NFC / 오디오코덱: SBC, AAC /[기능] 액티브노이즈캔슬링 / 주변소리듣기 / 부가기능: 퀵충전 /[배터리] 재생시간: 40시간 / 충전단자: USB타입C /[부가] 무게: 260g / 보증기간 18개월 / 멀티 포인트 지원 / 사운드코어 앱 지원
Britz 브리츠인터내셔널 BZ-M7 ※ 유무선헤드폰 / 음악+통화용 / 온이어 / 블루투스 v4.2 / 3.5mm / 32Ω / 105dB / 20Hz~20kHz / 오디오코덱: SBC /[기능] 컨트롤: 재생/멈춤조절 / 부가기능: 볼륨조절 /[배터리] 재생시간: 10.5시간 / 통화시간: 8시간 / 배터리용량: 300mAh /[부가] 케이블특징: 좌우대칭 / 무게: 110.5g
Britz 브리츠인터내셔널 W830BT ※ 무선헤드폰 / 음악+통화용 / 밀폐형 / 오버이어 / 블루투스 v4.1 / 3.5mm / 24Ω / 96dB / 20Hz~20kHz / 오디오코덱: SBC /[기능] 부가기능: 볼륨조절 /[배터리] 재생시간: 95시간 / 배터리용량: 1,500mAh /[부가] 접이식 / 회전형이어컵 / 케이블특징: 탈착식케이블, 좌우대칭
에디파이어 FreePro EDF280007 ※ 무선헤드폰 / 음악+통화용 / 밀폐형 / 오버이어 / 블루투스 v5.0 / 다이나믹드라이버 / 91dB / 20Hz~40kHz / 오디오코덱: LDAC, SBC /[기능] 액티브노이즈캔슬링 / HRA / 주변소리듣기 / 저지연게이밍모드 / 컨트롤: 전용 앱, 재생/멈춤조절 / 부가기능: 퀵충전, 볼륨조절, LED라이트 /[배터리] 재생시간: 32시간(ANC ON), 50시간(ANC OFF) / 충전단자: USB타입C / 색상계열: 그레이, 블루, 핑크, 베이지
마샬 MONITOR II A.N.C ※ 유무선헤드폰 / 음악+통화용 / 밀폐형 / 오버이어 / 블루투스 v5.0 / 3.5mm / 다이나믹드라이버 / 32Ω / 96dB / 20Hz~20kHz /[기능] 액티브노이즈캔슬링 / 컨트롤: 전용 앱 / 부가기능: 퀵충전 /[배터리] 재생시간: 30시간(NC ON), 45시간(NC OFF) / 충전단자: USB타입C /[부가] 접이식 / 무게: 320g
디알고 BH05CK ※ 유무선헤드폰 / 음악+통화용 / 어린이용 / 밀폐형 / 온이어 / 블루투스 v5.0 / 3.5mm / 85dB볼륨제한 / 컨트롤: 버튼, 재생/멈춤조절, 볼륨조절 / 부가기능: microSD재생 / 재생시간: 10시간 / 충전단자: USB타입C /[부가] 접이식 / 밴드조절가능 / 케이블특징: 탈착식케이블 / 추가구성품: 휴대용케이스 / 무게: 147g / 색상계열: 퍼플 / AUX 케이블 연결 시 오디오 공유 가능
슈어 AONIC 40 ※ 유무선헤드폰 / 음악+통화용 / 밀폐형 / 오버이어 / 넥밴드 / 블루투스 v5.0 / 3.5mm / 오디오코덱: aptX HD, aptX, SBC, AAC /[기능] 액티브노이즈캔슬링 / 주변소리듣기 / 마이크특징: 빔포밍 / 컨트롤: 전용 앱 / 부가기능: 퀵충전 /[배터리] 재생시간: 25시간 / 충전단자: USB타입C /[부가] 접이식 / 회전형이어컵 / 추가구성품: 휴대용케이스
Britz 브리츠인터내셔널 W670BT PLUS ※ 유무선헤드폰 / 음악+통화용 / 밀폐형 / 블루투스 v4.1 / NFC / 3.5mm / 32Ω / 95dB / 20Hz~20kHz /[기능] 멀티페어링 / 컨트롤: 재생/멈춤조절 / 부가기능: 볼륨조절 /[배터리] 재생시간: 20시간 / 배터리용량: 500mAh / 충전단자: micro5핀 /[부가] 접이식 / 회전형이어컵 / 무게: 134g
아이리버 IBH-NC100 ※ 유무선헤드폰 / 음악+통화용 / 밀폐형 / 오버이어 / 블루투스 v5.0 / 3.5mm / 다이나믹드라이버 / 32Ω / 97dB / 20Hz~20kHz /[기능] 액티브노이즈캔슬링 / 컨트롤: 재생/멈춤조절 / 부가기능: 볼륨조절 /[배터리] 재생시간: 7시간 / 배터리용량: 300mAh / 충전단자: USB타입C /[부가] 접이식 / 회전형이어컵 / 무게: 263g
Actto BTH-11 ※ 유무선헤드폰 / 음악+통화용 / 밀폐형 / 오버이어 / 블루투스 v5.1 / 3.5mm / 32Ω / 110dB / 20Hz~20kHz /[기능] 컨트롤: 재생/멈춤조절 / 부가기능: 볼륨조절, microSD재생 /[배터리] 재생시간: 5시간 / 통화시간: 5시간 / 배터리용량: 180mAh / 충전단자: micro5핀 /[부가] 접이식 / 케이블길이: 1.2m / 무게: 168g
오디오테크니카 ATH-M50xBT2 MO ※ 유무선헤드폰 / 음악+통화용 / 게임용 / 밀폐형 / 오버이어 / 블루투스 v5.0 / 3.5mm / 다이나믹드라이버 / 38Ω / 99dB / 15Hz~28kHz / 오디오코덱: LDAC, SBC, AAC /[기능] 저지연게이밍모드 / 멀티페어링 / 마이크특징: 듀얼빔포밍 / 컨트롤: 전용 앱, 재생/멈춤조절 / 부가기능: 퀵충전, 볼륨조절 /[배터리] 재생시간: 50시간 / 충전단자: USB타입C /[부가] 접이식 / 회전형이어컵 / 케이블길이: 1.2m / 무게: 307g / 색상계열: 오렌지
티앤에스인터내셔널 NOX Bring ※ 유무선헤드폰 / 음악+통화용 / 밀폐형 / 온이어 / 블루투스 v4.1 / 3.5mm / 다이나믹드라이버 / 32Ω / 95dB / 20Hz~20kHz /[기능] 오토페어링 / 부가기능: 볼륨조절 /[배터리] 재생시간: 18시간 / 배터리용량: 500mAh / 충전단자: micro5핀 /[부가] 무게: 140g
뱅앤올룹슨 BEOPLAY H4 ※ 유무선헤드폰 / 음악+통화용 / 밀폐형 / 오버이어 / 블루투스 v4.2 / 3.5mm / 20Ω / 91dB / 20Hz~20kHz / 오디오코덱: SBC, AAC /[기능] 컨트롤: 재생/멈춤조절 / 부가기능: 볼륨조절 /[배터리] 재생시간: 최대 19시간 / 배터리용량: 600mAh /[부가] 회전형이어컵 / 케이블특징: 좌우대칭 / 무게: 235g
BLAUPUNKT BLP-BH311 ※ 유무선헤드폰 / 음악+통화용 / 밀폐형 / 오버이어 / 블루투스 v5.3 / 3.5mm / 다이나믹드라이버 /[기능] EQ조절 / 오토페어링 / 컨트롤: 전용 앱, 재생/멈춤조절 / 부가기능: 볼륨조절, microSD재생 /[배터리] 재생시간: 20시간 / 배터리용량: 400mAh / 충전단자: USB타입C /[부가] 접이식 / 회전형이어컵 / 밴드조절가능 / 무게: 229g / 색상계열: 블랙, 실버
플레오맥스 PBH-300 MAX ※ 유무선헤드폰 / 음악+통화용 / 밀폐형 / 오버이어 / 블루투스 v5.1 / 3.5mm / 32Ω / 110dB / 20Hz~20kHz /[기능] 오토페어링 / 컨트롤: 재생/멈춤조절 / 부가기능: 볼륨조절 /[배터리] 재생시간: 8시간 / 배터리용량: 250mAh / 충전단자: USB타입C /[부가] 회전형이어컵 / 밴드조절가능 / 무게: 197g / 색상계열: 블랙
헤드 테크놀로지스 유니티 ※ 유무선헤드폰 / 음악+통화용 / 밀폐형 / 오버이어 / 블루투스 / 24Ω / 105dB / 20Hz~22kHz / 오디오코덱: SBC, AAC /[기능] 액티브노이즈캔슬링 / EQ조절 / 마이크특징: 빔포밍 / 컨트롤: 전용 앱, 재생/멈춤조절 / 부가기능: 퀵충전, 볼륨조절, 내장메모리재생 / 내장메모리용량: 16GB /[배터리] 재생시간: 6~8시간 / 배터리용량: 1,680mAh / 충전단자: USB타입C /[부가] 밴드조절가능 / 추가구성품: 휴대용케이스 / 색상계열: 블랙 / Wifi 연결 / 24bit / 96kHz 무손실 전송 가능 / 3.5mm 연결 어댑터 제공
디알고 P2C ※ 유무선헤드폰 / 음악+통화용 / 밀폐형 / 오버이어 / 블루투스 v5.3 / 3.5mm / 오디오코덱: SBC, AAC /[기능] 컨트롤: 재생/멈춤조절 / 부가기능: 볼륨조절 /[배터리] 재생시간: 24시간 / 배터리용량: 300mAh / 충전단자: USB타입C /[부가] 접이식 / 밴드조절가능 / 추가구성품: 휴대용케이스 / 무게: 227g / 색상계열: 블랙, 화이트 / 3.5mm 케이블 연결 시 통화 불가
Smartek STBT-H350 MAX ※ 유무선헤드폰 / 음악+통화용 / 밀폐형 / 오버이어 / 블루투스 v5.1 / 3.5mm / 32Ω / 110dB / 20Hz~20kHz /[기능] 오토페어링 / 컨트롤: 재생/멈춤조절 / 부가기능: 볼륨조절 /[배터리] 재생시간: 8시간 / 배터리용량: 250mAh / 충전단자: USB타입C /[부가] 회전형이어컵 / 밴드조절가능 / 무게: 197g
베이스어스 Bowie D05 ※ 유무선헤드폰 / 음악+통화용 / 게임용 / 밀폐형 / 오버이어 / 블루투스 v5.3 / 3.5mm / 네오디뮴마그네틱 / 20Hz~20kHz /[기능] EQ조절 / 저지연게이밍모드 / 360도공간음향 / 멀티포인트 / 컨트롤: 전용 앱, 재생/멈춤조절 / 부가기능: 볼륨조절 /[배터리] 재생시간: 70시간 / 배터리용량: 600mAh / 충전단자: USB타입C /[부가] 접이식 / 회전형이어컵 / 밴드조절가능 / 무게: 209g / 색상계열: 블랙, 화이트
하만카돈 FLY ANC ※ 유무선헤드폰 / 음악+통화용 / 밀폐형 / 오버이어 / 블루투스 v4.2 / 3.5mm / 100dB / 16Hz~22kHz /[기능] 액티브노이즈캔슬링 / 멀티포인트 / 컨트롤: 터치버튼, 전용 앱, 재생/멈춤조절 / 부가기능: 퀵충전 /[배터리] 재생시간: 20시간(NC ON), 30시간(NC OFF) / 배터리용량: 700mAh /[부가] 무게: 281g
라이트컴 COMS BB493 ※ 유무선헤드폰 / 음악+통화용 / 밀폐형 / 오버이어 / 블루투스 v4.2 / 3.5mm / 다이나믹드라이버 / 32Ω / 108dB / 20Hz~20kHz /[기능] 부가기능: 볼륨조절, 라디오, microSD재생 / 충전단자: USB타입C /[부가] 접이식
노키아 WHP-101 ※ 무선헤드폰 / 음악+통화용 / 밀폐형 / 오버이어 / 블루투스 v5.0 /[기능] 컨트롤: 재생/멈춤조절 / 부가기능: 볼륨조절 /[배터리] 재생시간: 62시간 / 배터리용량: 800mAh / 충전단자: USB타입C /[부가] 밴드조절가능 / 무게: 199g / 색상계열: 블랙, 화이트
피아톤 900 LEGACY ※ 유무선헤드폰 / 음악+통화용 / 밀폐형 / 오버이어 / 블루투스 v5.1 / 3.5mm / 16Ω / 100dB / 20Hz~27kHz / 오디오코덱: aptX HD, aptX, SBC, AAC /[기능] 액티브노이즈캔슬링 / 주변소리듣기 / 멀티포인트 / 스마트센서 / 마이크특징: CVC 4.0 / 컨트롤: 터치버튼, 재생/멈춤조절 / 부가기능: 퀵충전, 볼륨조절 /[배터리] 재생시간: 43시간 / 통화시간: 39시간 / 배터리용량: 1,000mAh / 충전단자: USB타입C /[부가] 접이식 / 회전형이어컵 / 무게: 256g
Actto 오브 BTH-06 ※ 유무선헤드폰 / 음악+통화용 / 밀폐형 / 블루투스 v5.0 / 3.5mm / 32Ω / 110dB / 20Hz~20kHz /[기능] 컨트롤: 재생/멈춤조절 / 부가기능: 볼륨조절, microSD재생 /[배터리] 재생시간: 5시간 / 배터리용량: 180mAh / 충전단자: micro5핀 /[부가] 접이식 / 회전형이어컵 / 무게: 145g
Actto BTH-03 ※ 무선헤드폰 / 음악+통화용 / 어린이용 / 밀폐형 / 온이어 / 블루투스 / 블루투스 v3.0 / 32Ω / 20Hz~20kHz /[기능] 85dB볼륨제한 / 컨트롤: 재생/멈춤조절 / 부가기능: 볼륨조절 /[배터리] 재생시간: 12시간(볼륨50%) / 통화시간: 12시간 / 배터리용량: 300mAh / 충전단자: micro5핀 /[부가] 접이식 / 무게: 119g
컴소닉 PILLAR CHB-261 ※ 유무선헤드폰 / 음악+통화용 / 밀폐형 / 블루투스 v5.0 / 3.5mm / 32Ω / 97dB / 20Hz~20kHz /[기능] 컨트롤: 재생/멈춤조절 / 부가기능: 볼륨조절 /[배터리] 재생시간: 9시간 / 배터리용량: 250mAh / 충전단자: micro5핀 /[부가] 접이식 / 무게: 120g
B&W Px7 ※ 유무선헤드폰 / 음악+통화용 / 밀폐형 / 오버이어 / 블루투스 v5.0 / 3.5mm / 20Ω / 10Hz~30kHz / 오디오코덱: aptX HD, aptX Adaptive, aptX, SBC, AAC /[기능] 액티브노이즈캔슬링 / 주변소리듣기 / 스마트센서 / 컨트롤: 전용 앱, 재생/멈춤조절 / 부가기능: 퀵충전 /[배터리] 재생시간: 30시간 / 충전단자: USB타입C /[부가] 회전형이어컵 / 무게: 310g
디알고 BHANC ※ 유무선헤드폰 / 음악+통화용 / 밀폐형 / 오버이어 / 블루투스 v5.0 / 3.5mm /[기능] 액티브노이즈캔슬링 / 마이크특징: ENC/노이즈캔슬링 / 컨트롤: 재생/멈춤조절 / 부가기능: 볼륨조절 /[배터리] 재생시간: 12시간(ANC ON), 18시간(ANC OFF) / 배터리용량: 500mAh / 충전단자: USB타입C /[부가] 접이식 / 회전형이어컵 / 케이블길이: 1.2m / 추가구성품: 휴대용케이스, 항공기내용어댑터 / 무게: 205g
뱅앤올룹슨 BEOPLAY H9i ※ 유무선헤드폰 / 음악+통화용 / 밀폐형 / 오버이어 / 블루투스 v4.2 / 3.5mm / USB / 20Hz~22kHz / 오디오코덱: AAC /[기능] 액티브노이즈캔슬링 / 마이크특징: MEMS / 컨트롤: 터치버튼, 재생/멈춤조절, 마이크OFF / 부가기능: 볼륨조절 /[배터리] 재생시간: 18시간(NC ON), 23시간(NC OFF) / 충전단자: USB타입C /[부가] 케이블길이: 1.2m / 무게: 285g / 트랜스퍼런시모드 / 분리형배터리 / 배터리용량은해외구매와다를수있습니다
젠하이저 HD 350BT ※ 무선헤드폰 / 음악+통화용 / 밀폐형 / 오버이어 / 블루투스 v5.0 / 다이나믹드라이버 / 108dB / 80Hz~60kHz / 오디오코덱: aptX LL, aptX, SBC, AAC /[기능] 마이크특징: MEMS / 컨트롤: 전용 앱, 재생/멈춤조절 /[배터리] 재생시간: 30시간 / 배터리용량: 300mAh / 충전단자: USB타입C /[부가] 접이식 / 무게: 238g
휴라이즈 QH900 ANC ※ 유무선헤드폰 / 음악+통화용 / 밀폐형 / 오버이어 / 블루투스 v5.0 / 3.5mm / 네오디뮴마그네틱 / 108dB / 20Hz~20kHz /[기능] 액티브노이즈캔슬링 / 컨트롤: 터치버튼, 재생/멈춤조절 / 부가기능: 볼륨조절 /[배터리] 재생시간: 26시간 / 배터리용량: 650mAh / 충전단자: USB타입C /[부가] 접이식 / 무게: 237g
원오디오 A10 ※ 유무선헤드폰 / 음악+통화용 / 밀폐형 / 오버이어 / 3.5mm / 다이나믹드라이버 / 32Ω / 20Hz~40kHz /[기능] 액티브노이즈캔슬링 / HRA / 주변소리듣기 / 멀티포인트 / 부가기능: 퀵충전 /[배터리] 재생시간: 40시간(ANC ON), 50시간(ANC OFF) / 배터리용량: 800mAh / 충전단자: USB타입C /[부가] 회전형이어컵 / 추가구성품: 휴대용케이스 / 무게: 295g / 색상계열: 블랙
SONY h.ear on 2 Mini Wireless WH-H800 ※ 유무선헤드폰 / 음악+통화용 / 밀폐형 / 온이어 / 블루투스 v4.1 / NFC / 32Ω / 103dB / 5Hz~40KHz / 오디오코덱: LDAC, aptX HD, aptX, SBC, AAC /[기능] DSEE HX / HRA / 멀티페어링 / 컨트롤: 터치버튼, 전용 앱 / 부가기능: 퀵충전, 볼륨조절 /[배터리] 재생시간: 최대 24시간 / 통화시간: 20시간 /[부가] 접이식 / 케이블특징: 좌우대칭, OFC재질 / 케이블길이: 1.2m / 무게: 180g
파이오니아 SE-S3BT ※ 무선헤드폰 / 음악+통화용 / 밀폐형 / 오버이어 / 블루투스 v5.0 / 다이나믹드라이버 / 32Ω / 96dB / 10Hz~22kHz / 오디오코덱: SBC, AAC /[기능] 멀티페어링 / 부가기능: 퀵충전 /[배터리] 재생시간: 25시간 / 충전단자: USB타입C /[부가] 무게: 205g
베이어다이나믹 AMIRON wireless COPPER ※ 유무선헤드폰 / 음악+통화용 / 밀폐형 / 오버이어 / 블루투스 / 3.5mm / 다이나믹드라이버 / 32Ω / 100dB / 5Hz~40kHz / 오디오코덱: aptX HD /[기능] HRA / 컨트롤: 터치버튼, 전용 앱, 재생/멈춤조절 / 부가기능: 볼륨조절 /[배터리] 재생시간: 30시간 / 충전단자: USB타입C /[부가] 케이블길이: 1.2m / 무게: 380g / TESLA기술
아이리버 IBH-NC200 ※ 유무선헤드폰 / 음악+통화용 / 밀폐형 / 오버이어 / 블루투스 v5.0 / 3.5mm / 32Ω / 97dB / 20Hz~20kHz /[기능] 액티브노이즈캔슬링 / 컨트롤: 재생/멈춤조절 / 부가기능: 볼륨조절 /[배터리] 재생시간: 7시간 / 배터리용량: 300mAh / 충전단자: USB타입C /[부가] 접이식 / 무게: 265g
코시 HS3011BT 무빙 ※ 유무선헤드폰 / 음악+통화용 / 온이어 / 백헤드형 / 블루투스 v4.1 / 3.5mm / 32Ω / 92dB / 20Hz~20kHz /[기능] 컨트롤: 재생/멈춤조절 / 부가기능: 볼륨조절 /[배터리] 재생시간: 18시간 / 통화시간: 최대 24시간 / 배터리용량: 450mAh / 충전단자: micro5핀 /[부가] 접이식 / 케이블특징: 좌우대칭
아이리버 IBH-L201 ※ 유무선헤드폰 / 음악+통화용 / 밀폐형 / 오버이어 / 블루투스 v5.0 / 3.5mm / 20Hz~20kHz /[기능] 컨트롤: 재생/멈춤조절 / 부가기능: 볼륨조절, microSD재생 /[배터리] 재생시간: 6시간 / 배터리용량: 250mAh / 충전단자: micro5핀 /[부가] 접이식 / 무게: 215g
KZ H10 ※ 유무선헤드폰 / 음악+통화용 / 밀폐형 / 오버이어 / 블루투스 v5.0 / 3.5mm / 다이나믹드라이버 / 32Ω / 116dB / 20Hz~20kHz /[기능] 액티브노이즈캔슬링 / 주변소리듣기 / 컨트롤: 재생/멈춤조절 / 부가기능: 볼륨조절 /[배터리] 재생시간: 25시간(ANC ON), 30시간(ANC OFF) / 배터리용량: 500mAh / 충전단자: USB타입C /[부가] 무게: 282g / 색상계열: 블랙
달리 iO6 ※ 유무선헤드폰 / 음악+통화용 / 밀폐형 / 넥밴드 / 블루투스 v5.0 / 3.5mm / 25Ω / 100dB / 10Hz~20kHz / 오디오코덱: aptX HD, AAC /[기능] 액티브노이즈캔슬링 / 컨트롤: 터치버튼, 재생/멈춤조절 / 부가기능: 볼륨조절 /[배터리] 재생시간: 30시간 / 충전단자: USB타입C /[부가] 무게: 325g
AKG Y600NC ※ 유무선헤드폰 / 음악+통화용 / 밀폐형 / 블루투스 v5.0 / 3.5mm / 32Ω / 93dB / 10Hz~24kHz / 오디오코덱: SBC, AAC /[기능] 액티브노이즈캔슬링 / 주변소리듣기 / 대화감지 / 멀티포인트 / 스마트센서 / 컨트롤: 전용 앱, 재생/멈춤조절 / 부가기능: 퀵충전, 볼륨조절 /[배터리] 재생시간: 25시간(ANC ON) / 통화시간: 33시간 / 배터리용량: 610mAh / 충전단자: USB타입C /[부가] 회전형이어컵 / 추가구성품: 휴대용케이스 / 무게: 322g
포칼 LISTEN WIRELESS ※ 유무선헤드폰 / 음악+통화용 / 밀폐형 / 오버이어 / 블루투스 v4.1 / 3.5mm / 32Ω / 122dB / 15Hz~22KHz / 오디오코덱: aptX, SBC /[기능] 부가기능: 볼륨조절 /[배터리] 재생시간: 20시간 /[부가] 접이식 / 케이블특징: 좌우대칭 / 무게: 300g
JBL T450BT ※ 무선헤드폰 / 음악+통화용 / 밀폐형 / 온이어 / 블루투스 v4.0 / 20Hz~20kHz / 오디오코덱: SBC /[기능] 컨트롤: 재생/멈춤조절 / 부가기능: 볼륨조절 /[배터리] 재생시간: 최대 11시간 / 배터리용량: 170mAh /[부가] 회전형이어컵 / 케이블특징: 좌우대칭 / 무게: 300g
SKY 핏 마카롱 IM-H22 ※ 유무선헤드폰 / 음악+통화용 / 밀폐형 / 온이어 / 블루투스 v5.3 / 3.5mm /[기능] 멀티페어링 / 오토페어링 / 컨트롤: 재생/멈춤조절 / 부가기능: 볼륨조절 /[배터리] 재생시간: 30시간 / 배터리용량: 300mAh / 충전단자: USB타입C /[부가] 접이식 / 밴드조절가능 / 무게: 170g
엠지텍 MB-3000X ※ 유무선헤드폰 / 음악+통화용 / 밀폐형 / 블루투스 v5.0 / 3.5mm / 다이나믹드라이버 / 오디오코덱: aptX HD, aptX /[기능] 액티브노이즈캔슬링 / 멀티포인트 / 컨트롤: 재생/멈춤조절 / 부가기능: 볼륨조절 /[배터리] 재생시간: 35시간 / 충전단자: micro5핀 /[부가] 접이식 / 무게: 283g
JBL TUNE 710BT ※ 유무선헤드폰 / 음악+통화용 / 밀폐형 / 오버이어 / 블루투스 v5.0 / 3.5mm / 다이나믹드라이버 / 32Ω / 93dB / 20Hz~20kHz /[기능] 멀티포인트 / 부가기능: 퀵충전 /[배터리] 재생시간: 50시간 / 배터리용량: 690mAh / 충전단자: USB타입C /[부가] 회전형이어컵 / 케이블길이: 1.2m / 무게: 220g
Britz 브리츠인터내셔널 W855BT ※ 유무선헤드폰 / 음악+통화용 / 밀폐형 / 오버이어 / 블루투스 v4.1 / NFC / 3.5mm / 32Ω / 98dB / 20Hz~20kHz / 오디오코덱: SBC /[기능] 부가기능: 볼륨조절 /[배터리] 재생시간: 20시간 / 배터리용량: 480mAh /[부가] 케이블특징: 좌우대칭 / 무게: 238g / 전용파우치증정
APPLE Beats by Dr.Dre 비츠 솔로 프로 와이어리스 ※ 무선헤드폰 / 음악+통화용 / 밀폐형 / 온이어 / 블루투스 / 칩셋: H1 /[기능] 액티브노이즈캔슬링 / 주변소리듣기 / 마이크특징: 빔포밍 / 컨트롤: 재생/멈춤조절 / 부가기능: 퀵충전 /[배터리] 재생시간: 22시간(NC ON), 40시간(NC OFF) / 충전단자: 라이트닝 /[부가] 접이식 / 무게: 267g / 음성감지센서 / 오디오공유 / 접거나필때:자동ON / OFF
모토로라 MOTO XT500+ ※ 유무선헤드폰 / 음악+통화용 / 밀폐형 / 오버이어 / 블루투스 v5.0 / 3.5mm / 32Ω / 20Hz~20kHz /[배터리] 재생시간: 25시간 / 배터리용량: 300mAh / 충전단자: USB타입C /[부가] 접이식 / 색상계열: 블랙, 화이트
에디파이어 STAX SPIRIT S3 ※ 유무선헤드폰 / 음악+통화용 / 게임용 / 밀폐형 / 오버이어 / 블루투스 v5.2 / 3.5mm / 6.3mm / 평판형드라이버 / 10Hz~40kHz / 오디오코덱: aptX HD, aptX Adaptive, aptX, SBC /[기능] HRA / 스냅드래곤 사운드 / EQ모드선택 / EQ조절 / 저지연게이밍모드 / 멀티포인트 / 컨트롤: 전용 앱 / 부가기능: 퀵충전 /[배터리] 재생시간: 80시간 / 배터리용량: 1,500mAh / 충전단자: USB타입C /[부가] 접이식 / 회전형이어컵 / 밴드조절가능 / 추가구성품: 휴대용케이스 / 무게: 329g / 색상계열: 블랙
ANKER Soundcore Life Q20 A3025 ※ 유무선헤드폰 / 음악+통화용 / 밀폐형 / 오버이어 / 블루투스 v5.0 / 3.5mm / 다이나믹드라이버 / 16Ω / 20Hz~20kHz(BT ON) / 오디오코덱: SBC, AAC /[기능] 액티브노이즈캔슬링 / HRA / 컨트롤: 재생/멈춤조절 / 부가기능: 퀵충전, 볼륨조절 /[배터리] 재생시간: 40시간(NC ON), 60시간(NC OFF) / 충전단자: micro5핀 /[부가] 회전형이어컵 / 무게: 260g / BassUP
코시 HS2148BT ※ 유무선헤드폰 / 음악+통화용 / 밀폐형 / 오버이어 / 블루투스 v5.0 / 3.5mm / 32Ω / 118dB / 20Hz~20kHz /[배터리] 재생시간: 6.5시간(블루투스+ANC ON), 10시간(블루투스+ANC OFF), 70시간(블루투스 OFF+ANC ON) / 충전단자: USB타입C /[부가] 접이식 / 밴드조절가능 / 무게: 234g
파이널 UX3000 ※ 유무선헤드폰 / 음악+통화용 / 밀폐형 / 오버이어 / 블루투스 v5.0 / 3.5mm / 다이나믹드라이버 / 20Hz~20kHz / 오디오코덱: aptX LL, aptX, SBC, AAC /[기능] 액티브노이즈캔슬링 / 멀티포인트 /[배터리] 재생시간: 25시간(ANC ON), 35시간(ANC OFF) / 통화시간: 25시간(ANC ON), 35시간(ANC OFF) / 배터리용량: 700mAh / 충전단자: USB타입C /[부가] 접이식 / 회전형이어컵 / 밴드조절가능 / 추가구성품: 휴대용케이스
오디오테크니카 ATH-ANC700BT ※ 유무선헤드폰 / 음악+통화용 / 밀폐형 / 블루투스 v4.1 / 3.5mm / 35Ω / 5Hz~40KHz / 오디오코덱: aptX, SBC, AAC /[기능] 액티브노이즈캔슬링 / 컨트롤: 터치버튼, 재생/멈춤조절 / 부가기능: 볼륨조절 /[배터리] 재생시간: 25시간 /[부가] 접이식 / 케이블길이: 1.2m / 무게: 250g / 최대입력전력:1,000mW
SONY MDR-1000X ※ 유무선헤드폰 / 음악+통화용 / 밀폐형 / 오버이어 / 블루투스 v4.1 / 3.5mm / 46Ω / 103dB / 4Hz~40KHz / 오디오코덱: LDAC, aptX, SBC /[기능] 액티브노이즈캔슬링 / DSEE HX / HRA / 컨트롤: 재생/멈춤조절 / 부가기능: 볼륨조절 /[배터리] 재생시간: 20시간(NC ON), 22시간(NC OFF) / 통화시간: 26시간 /[부가] 접이식 / 회전형이어컵 / 케이블특징: 좌우대칭, OFC재질 / 무게: 275g / 헤드폰On상태케이블연결데시벨:103dB / 헤드폰Off상태케이블미연결데시벨:98dB / 헤드폰On상태케이블연결옴:46ohm / 헤드폰Off상태케이블연결옴:16ohm
오디오테크니카 ATH-SR30BT ※ 무선헤드폰 / 음악+통화용 / 밀폐형 / 블루투스 v5.0 / 다이나믹드라이버 / 32Ω / 99dB / 5Hz~35kHz / 오디오코덱: SBC, AAC /[기능] 컨트롤: 재생/멈춤조절 / 부가기능: 볼륨조절 /[배터리] 재생시간: 70시간 / 충전단자: micro5핀 /[부가] 접이식 / 회전형이어컵 / 무게: 190g
필립스 SHB4405 ※ 무선헤드폰 / 음악+통화용 / 밀폐형 / 온이어 / 블루투스 v4.1 / 24Ω / 103dB / 9Hz~22KHz / 오디오코덱: SBC /[기능] 컨트롤: 재생/멈춤조절 /[부가] 접이식 / 케이블특징: 좌우대칭 / 무게: 90g
아이리버 IBH-L701 ※ 유무선헤드폰 / 음악+통화용 / 밀폐형 / 온이어 / 블루투스 v5.3 / 3.5mm / 다이나믹드라이버 / 20Hz~20kHz / 오디오코덱: SBC, AAC /[기능] 컨트롤: 재생/멈춤조절 / 부가기능: 볼륨조절 /[배터리] 재생시간: 15시간 / 배터리용량: 240mAh / 충전단자: USB타입C /[부가] 회전형이어컵 / 밴드조절가능 / 색상계열: 블랙
마샬 MID ANC ※ 유무선헤드폰 / 음악+통화용 / 밀폐형 / 온이어 / 블루투스 / 3.5mm / 32Ω / 98dB / 20Hz~20kHz / 오디오코덱: aptX /[기능] 액티브노이즈캔슬링 / 컨트롤: 재생/멈춤조절 / 부가기능: 볼륨조절 /[배터리] 재생시간: 20시간(NC ON), 30시간(NC OFF) / 충전단자: micro5핀 /[부가] 접이식 / 무게: 208g
디알고 BH06CK ※ 유무선헤드폰 / 음악+통화용 / 어린이용 / 밀폐형 / 오버이어 / 블루투스 v5.0 / 3.5mm /[기능] 85dB볼륨제한 / 컨트롤: 재생/멈춤조절 / 부가기능: 볼륨조절 /[배터리] 재생시간: 5시간(LED ON), 9시간(LED OFF) / 배터리용량: 300mAh / 충전단자: USB타입C /[부가] 접이식 / 추가구성품: 휴대용케이스 / 무게: 157g / LED라이트
SONY MDR-1ABT ※ 무선헤드폰 / 음악+통화용 / 밀폐형 / 오버이어 / 블루투스 v3.0 / NFC / 24Ω / 98dB / 4Hz~100KHz / 오디오코덱: aptX, SBC, AAC /[기능] HRA / 부가기능: 볼륨조절 /[배터리] 재생시간: 최대 30시간 / 통화시간: 최대 26시간 /[부가] 회전형이어컵 / 메탈밴드 / 무게: 약 300g / MDR-1R의유격개선
KEF Mu7 ※ 유무선헤드폰 / 음악+통화용 / 밀폐형 / 오버이어 / 블루투스 v5.1 / 3.5mm / 다이나믹드라이버 / 오디오코덱: aptX HD, aptX, SBC, AAC /[기능] 액티브노이즈캔슬링 / 컨트롤: 터치버튼, 재생/멈춤조절 / 부가기능: 볼륨조절 /[배터리] 재생시간: 40시간(ANC ON) / 배터리용량: 1,100mAh / 충전단자: USB타입C /[부가] 회전형이어컵 / 밴드조절가능 / 추가구성품: 휴대용케이스, 항공기내용어댑터 / 무게: 309g / 색상계열: 그레이, 실버
HOCO 딥 베스 와이어리스 블루투스 헤드폰 W25 ※ 무선헤드폰 / 음악+통화용 / 밀폐형 / 온이어 / 블루투스 v5.0 / 3.5mm / 다이나믹드라이버 /[기능] 컨트롤: 재생/멈춤조절 / 부가기능: 볼륨조절, 내장메모리재생 /[배터리] 재생시간: 12시간 /[부가] 접이식 / 무게: 161g / TF 메모리 카드 지원
SONY WH-1000XM2 ※ 유무선헤드폰 / 음악+통화용 / 밀폐형 / 오버이어 / 블루투스 v4.1 / NFC / 3.5mm / 46Ω / 103dB / 20Hz~40KHz / 오디오코덱: LDAC, aptX HD, aptX, SBC, AAC /[기능] 액티브노이즈캔슬링 / DSEE HX / S-Master HX / 센스엔진 / HRA / 주변소리듣기 / 컨트롤: 터치버튼, 전용 앱 / 부가기능: 퀵충전, 볼륨조절 /[배터리] 재생시간: 최대 30시간(NC ON), 최대 38시간(NC OFF) /[부가] 접이식 / 회전형이어컵 / 케이블특징: 좌우대칭, OFC재질 / 케이블길이: 1.5m / 무게: 약 275g / SCMS-T보호
Smartek STBT-H300 ※ 유무선헤드폰 / 음악+통화용 / 밀폐형 / 오버이어 / 블루투스 v5.1 / 3.5mm / 32Ω / 20Hz~20kHz /[기능] 컨트롤: 재생/멈춤조절 / 부가기능: 볼륨조절 /[배터리] 재생시간: 8~9시간 / 배터리용량: 450mAh / 충전단자: micro5핀 /[부가] 접이식 / 회전형이어컵 / 케이블길이: 1.0m / 무게: 281g
1Mii Ankbit E600Pro ※ 유무선헤드폰 / 음악+통화용 / 밀폐형 / 오버이어 / 블루투스 v5.0 / NFC / 3.5mm / 오디오코덱: aptX HD, aptX LL, aptX, SBC, AAC /[기능] 액티브노이즈캔슬링 / 주변소리듣기 / 멀티페어링 / 멀티포인트 / 마이크특징: CVC 8.0 / 컨트롤: 재생/멈춤조절 / 부가기능: 퀵충전, 볼륨조절 /[배터리] 재생시간: 40~50시간(ANC ON), 50~68시간(ANC OFF) / 배터리용량: 950mAh / 충전단자: USB타입C /[부가] 접이식 / 회전형이어컵 / 밴드조절가능 / 추가구성품: 휴대용케이스 / 무게: 265g
MPOW H21 ※ 유무선헤드폰 / 음악+통화용 / 밀폐형 / 오버이어 / 블루투스 v5.0 / 3.5mm / 다이나믹드라이버 /[기능] 액티브노이즈캔슬링 / 멀티포인트 / 마이크특징: CVC 6.0 / 컨트롤: 재생/멈춤조절 / 부가기능: 볼륨조절 /[배터리] 재생시간: 25시간(NC ON), 65시간(NC OFF) / 배터리용량: 850mAh / 충전단자: micro5핀 /[부가] 접이식 / 회전형이어컵 / 무게: 268g
코시 HP3468BT ※ 유무선헤드폰 / 음악+통화용 / 밀폐형 / 오버이어 / 블루투스 v5.0 / 3.5mm / 32Ω / 20Hz~20kHz /[기능] 컨트롤: 재생/멈춤조절 / 부가기능: 볼륨조절 /[배터리] 재생시간: 20시간 / 배터리용량: 435mAh / 충전단자: micro5핀 /[부가] 무게: 367g
울트라손 iSAR ※ 유무선헤드폰 / 음악+통화용 / 밀폐형 / 오버이어 / 블루투스 v5.0 / 3.5mm / 다이나믹드라이버 / 32Ω / 95dB / 20Hz~20kHz / 오디오코덱: aptX HD, SBC, AAC /[기능] 액티브노이즈캔슬링 / 주변소리듣기 / 오토페어링 / 컨트롤: 터치버튼, 재생/멈춤조절 / 부가기능: 볼륨조절 / IPX5방수 /[배터리] 재생시간: 30시간(ANC ON), 33시간(ANC OFF) / 배터리용량: 900mAh / 충전단자: USB타입C /[부가] 추가구성품: 휴대용케이스 / 무게: 246g
CISCO Headset 730 ※ 유무선헤드폰 / 음악+통화용 / 밀폐형 / 온이어 / 블루투스 v5.0 / 3.5mm / USB / 32Ω / 20Hz~20kHz / 오디오코덱: aptX HD, aptX, SBC, AAC /[기능] 액티브노이즈캔슬링 / 주변소리듣기 / 적응형ANC / ANC모드선택 / EQ조절 / 마이크특징: ENC/노이즈캔슬링 / 컨트롤: 전용 앱, 재생/멈춤조절, 마이크OFF / 부가기능: 퀵충전, 배터리잔량표시, 음성안내 /[배터리] 재생시간: 20시간(ANC ON), 22시간(ANC OFF) /[부가] 밴드조절가능 / 추가구성품: 휴대용케이스 / 무게: 216g / 색상계열: 블랙, 그레이
HIFIMAN DEVA Pro ※ 유무선헤드폰 / 음악전용 / 오픈형 / 오버이어 / 블루투스 v5.0 / 3.5mm / 평판형드라이버 / 18Ω / 93.5dB / 20Hz~20kHz / 오디오코덱: LDAC, aptX HD, aptX, SBC, AAC /[배터리] 재생시간: 8시간 /[부가] 무게: 360g / 블루투스 어댑터 연결
디알고 BH07C ※ 유무선헤드폰 / 음악+통화용 / 어린이용 / 밀폐형 / 오버이어 / 블루투스 v5.0 / 3.5mm /[기능] 85dB볼륨제한 / 컨트롤: 재생/멈춤조절 / 부가기능: 볼륨조절 /[배터리] 재생시간: 5시간(LED ON), 9시간(LED OFF) / 배터리용량: 300mAh / 충전단자: USB타입C /[부가] 추가구성품: 휴대용케이스 / 무게: 157g / LED라이트
엔더 아이언 맥스 ※ 유무선헤드폰 / 음악+통화용 / 밀폐형 / 오버이어 / 블루투스 v5.3 / 3.5mm / 32Ω / 20Hz~20kHz /[기능] 저지연게이밍모드 / 컨트롤: 재생/멈춤조절 / 부가기능: 볼륨조절, microSD재생 /[배터리] 재생시간: 58시간 / 통화시간: 41시간 / 배터리용량: 500mAh / 충전단자: USB타입C /[부가] 밴드조절가능 / 무게: 200g / 색상계열: 블랙, 실버
레노버 씽크플러스 TH40 ※ 유무선헤드폰 / 음악+통화용 / 밀폐형 / 오버이어 / 블루투스 v5.0 / 3.5mm / 다이나믹드라이버 / 32Ω / 115dB / 오디오코덱: SBC, AAC / 액티브노이즈캔슬링 /[배터리] 재생시간: 4시간 / 배터리용량: 400mAh / 충전단자: USB타입C /[부가] 회전형이어컵 / 밴드조절가능 / 색상계열: 블랙, 화이트
파이오니아 DJ HDJ-CUE1BT ※ 유무선헤드폰 / 음악+통화용 / 밀폐형 / 온이어 / 블루투스 v5.0 / 3.5mm / 다이나믹드라이버 / 32Ω / 104dB / 5Hz~30kHz / 오디오코덱: SBC, AAC /[기능] 컨트롤: 재생/멈춤조절 / 부가기능: 볼륨조절 /[배터리] 재생시간: 30시간 /[부가] 접이식 / 회전형이어컵 / 밴드조절가능 / 케이블특징: 탈착식케이블 / 케이블길이: 1.2m / 무게: 250g / 색상계열: 블랙, 화이트, 레드
레노버 씽크패드 X1 4XD0U47635 ※ 무선헤드폰 / 음악+통화용 / 밀폐형 / 오버이어 / 블루투스 v5.0 / 네오디뮴마그네틱 / 32Ω / 111dB / 20Hz~20kHz /[기능] 액티브노이즈캔슬링 / 컨트롤: 재생/멈춤조절 / 부가기능: 퀵충전, 볼륨조절 /[배터리] 재생시간: 14시간 / 배터리용량: 800mAh / 충전단자: USB타입C /[부가] 회전형이어컵 / 추가구성품: 휴대용케이스 / 무게: 214g
필립스 TAH8856 ※ 유무선헤드폰 / 음악+통화용 / 밀폐형 / 오버이어 / 블루투스 v5.0 / 3.5mm / 다이나믹드라이버 / 16Ω / 100dB / 오디오코덱: SBC, AAC /[기능] 액티브노이즈캔슬링 / 주변소리듣기 / 멀티포인트 / 컨트롤: 전용 앱 / 부가기능: 퀵충전, 볼륨조절 /[배터리] 재생시간: 55시간(ANC ON), 60시간(ANC OFF) / 통화시간: 55시간 / 배터리용량: 1,000mAh / 충전단자: USB타입C /[부가] 회전형이어컵 / 무게: 254g
SONY WH-XB700 ※ 유무선헤드폰 / 음악+통화용 / 밀폐형 / 온이어 / 블루투스 v4.2 / NFC / 3.5mm / 37Ω / 103dB / 5Hz~22kHz / 오디오코덱: aptX, SBC, AAC /[기능] 부가기능: 볼륨조절 /[배터리] 재생시간: 30시간 / 통화시간: 30시간 /[부가] 회전형이어컵 / 무게: 195g
MAXTILL GM-P200B ※ 유무선헤드폰 / 음악+통화용 / 밀폐형 / 오버이어 / 블루투스 v5.0 / 3.5mm / 20Hz~20kHz /[기능] 액티브노이즈캔슬링 / 컨트롤: 재생/멈춤조절 / 부가기능: 볼륨조절 /[배터리] 재생시간: 23시간(ANC ON), 36시간(ANC OFF) / 배터리용량: 750mAh /[부가] 회전형이어컵
VANKYO C751 ※ 유무선헤드폰 / 음악+통화용 / 밀폐형 / 오버이어 / 블루투스 v5.0 / 3.5mm / 다이나믹드라이버 /[기능] 액티브노이즈캔슬링 / 부가기능: 퀵충전 /[배터리] 재생시간: 30시간 /[부가] 추가구성품: 휴대용케이스
Britz 브리츠인터내셔널 BE-M505 ANC ※ 유무선헤드폰 / 음악+통화용 / 블루투스 v4.1 / 3.5mm / 32Ω / 20Hz~20kHz / 오디오코덱: aptX /[기능] 액티브노이즈캔슬링 / 멀티페어링 / 부가기능: 볼륨조절 /[배터리] 재생시간: 20시간 / 통화시간: 25시간 / 배터리용량: 610mAh / 충전단자: micro5핀 /[부가] 회전형이어컵 / 무게: 248g / *유선사용시블루투스전원OFF후사용가능하며헤드폰의볼륨기능사용불가
Ashdown Meters OV-1-B ※ 유무선헤드폰 / 음악+통화용 / 밀폐형 / 오버이어 / 블루투스 v5.0 / 3.5mm / 다이나믹드라이버 / 32Ω / 94dB / 20Hz~20kHz / 오디오코덱: aptX HD, aptX, SBC /[기능] 액티브노이즈캔슬링 / 컨트롤: 전용 앱, 재생/멈춤조절 / 부가기능: 볼륨조절 /[배터리] 재생시간: 16시간 /[부가] 접이식 / 무게: 380g
KOSS BT221i ※ 무선헤드폰 / 음악+통화용 / 온이어 / 클립형 / 블루투스 v4.2 / 101dB / 50Hz~18kHz / 컨트롤: 재생/멈춤조절 / 부가기능: 볼륨조절 / 재생시간: 6시간
v-moda Crossfade 2 Wireless Codex Edition ※ 유무선헤드폰 / 음악+통화용 / 밀폐형 / 오버이어 / 3.5mm / 6.3mm / 100dB / 5Hz~40kHz / 오디오코덱: aptX, SBC, AAC / 멀티페어링 / 오토페어링 / 컨트롤: 재생/멈춤조절 / 부가기능: 볼륨조절 /[배터리] 재생시간: 14시간 / 배터리용량: 430mAh / 충전단자: micro5핀 /[부가] 접이식 / 추가구성품: 휴대용케이스 / 색상계열: 블랙, 화이트
젠하이저 PXC550 II 무선 ※ 유무선헤드폰 / 음악+통화용 / 밀폐형 / 오버이어 / 블루투스 v5.0 / 다이나믹드라이버 / 64(패시브)Ω, 490(액티브)Ω / 110dB / 17Hz~23kHz / 오디오코덱: aptX, SBC, AAC /[기능] 스마트센서 / 마이크특징: 빔포밍 / 컨트롤: 터치버튼, 전용 앱, 재생/멈춤조절 /[배터리] 재생시간: 20시간 /[부가] 접이식 / 회전형이어컵 / 무게: 227g / 어댑티브노이즈캔슬링
레노버 HD200 ※ 유무선헤드폰 / 음악+통화용 / 밀폐형 / 블루투스 v5.0 / 3.5mm / 다이나믹드라이버 / 32Ω / 105dB /[기능] 마이크특징: HD보이스 / 부가기능: 볼륨조절 /[배터리] 재생시간: 20시간 / 배터리용량: 500mAh / 충전단자: USB
SONY h.ear on 3 Wireless WH-H810 ※ 유무선헤드폰 / 음악+통화용 / 밀폐형 / 온이어 / 블루투스 v5.0 / NFC / 3.5mm / 다이나믹드라이버 / 16Ω / 100dB / 20Hz~20kHz / 오디오코덱: LDAC, SBC, AAC /[기능] DSEE HX / HRA / 컨트롤: 터치버튼, 전용 앱, 재생/멈춤조절 / 부가기능: 퀵충전 /[배터리] 재생시간: 30시간 / 통화시간: 25시간 / 충전단자: USB타입C /[부가] 접이식 / 케이블길이: 1.2m / 무게: 180g
데논 AH-GC25NC ※ 유무선헤드폰 / 음악+통화용 / 밀폐형 / 오버이어 / 블루투스 / 3.5mm / 16Ω / 98dB / 5Hz~50kHz /[기능] 액티브노이즈캔슬링 / HRA / 주변소리듣기 / 컨트롤: 터치버튼, 전용 앱 /[배터리] 재생시간: 30시간(NC ON) /[부가] 접이식 / 회전형이어컵 / 케이블특징: 탈착식케이블 / *내장배터리는 ANC 전용
SONY WH-CH700N ※ 유무선헤드폰 / 음악+통화용 / 밀폐형 / 오버이어 / 블루투스 v4.1 / NFC / 3.5mm / 22Ω / 98dB / 오디오코덱: aptX HD /[기능] 액티브노이즈캔슬링 / 부가기능: 볼륨조절 /[배터리] 재생시간: 40시간 / 충전단자: micro5핀 /[부가] 무게: 239.8g
SONY MDR-10RBT ※ 무선헤드폰 / 음악+통화용 / 밀폐형 / 오버이어 / 블루투스 v3.0 / 40Ω / 102dB / 오디오코덱: aptX, SBC, AAC / HRA /[배터리] 재생시간: 17시간 / 통화시간: 17시간 /[부가] 무게: 210g / 드라이버:40mm / 재생주파수대역:5Hz-40,000Hz
모토로라 스쿼드 키즈 300 ※ 유무선헤드폰 / 음악+통화용 / 어린이용 / 밀폐형 / 온이어 / 블루투스 v5.0 / 3.5mm / 32Ω / 82dB / 20Hz~20kHz /[기능] 85dB볼륨제한 / 컨트롤: 재생/멈춤조절 / 부가기능: 볼륨조절 /[배터리] 재생시간: 15시간 / 배터리용량: 300mAh / 충전단자: micro5핀 /[부가] 색상계열: 블루, 핑크 / 듀얼사용가능
자브라 엘리트 45h ※ 무선헤드폰 / 음악+통화용 / 밀폐형 / 온이어 / 블루투스 v5.0 / 20Hz~20kHz /[기능] 멀티페어링 / 멀티포인트 / 마이크특징: MEMS / 컨트롤: 터치버튼, 재생/멈춤조절 / 부가기능: 퀵충전, 볼륨조절 /[배터리] 재생시간: 50시간 / 통화시간: 40시간 / 충전단자: USB타입C /[부가] 접이식 / 무게: 160g / 색상계열: 블랙, 네이비, 베이지 / 절전모드
야마하 YH-E500A ※ 유무선헤드폰 / 음악+통화용 / 밀폐형 / 온이어 / 블루투스 v5.0 / 3.5mm / 다이나믹드라이버 / 오디오코덱: aptX HD, aptX, SBC, AAC /[기능] 액티브노이즈캔슬링 / 주변소리듣기 / 멀티페어링 / 오토페어링 / 컨트롤: 재생/멈춤조절 / 부가기능: 볼륨조절, 배터리잔량표시 /[배터리] 재생시간: 38시간 / 충전단자: USB타입C /[부가] 회전형이어컵
오디오테크니카 ATH-M50xBT2 DS ※ 유무선헤드폰 / 음악+통화용 / 게임용 / 밀폐형 / 오버이어 / 블루투스 v5.0 / 3.5mm / 다이나믹드라이버 / 38Ω / 99dB / 15Hz~28kHz / 오디오코덱: LDAC, SBC, AAC /[기능] 저지연게이밍모드 / 멀티페어링 / 마이크특징: 듀얼빔포밍 / 컨트롤: 전용 앱, 재생/멈춤조절 / 부가기능: 퀵충전, 볼륨조절 /[배터리] 재생시간: 50시간 / 충전단자: USB타입C /[부가] 접이식 / 회전형이어컵 / 케이블길이: 1.2m / 추가구성품: 휴대용케이스 / 무게: 307g
필립스 TAUH202 ※ 무선헤드폰 / 음악+통화용 / 밀폐형 / 온이어 / 블루투스 / 다이나믹드라이버 / 32Ω / 102dB / 20Hz~20kHz /[기능] 컨트롤: 재생/멈춤조절 /[배터리] 재생시간: 15시간 /[부가] 접이식 / 회전형이어컵 / 무게: 195g / 중저음 강조 버튼
B&W PX5 ※ 유무선헤드폰 / 음악+통화용 / 밀폐형 / 온이어 / 블루투스 v5.0 / 3.5mm / 20Ω / 10Hz~30kHz / 오디오코덱: aptX HD, aptX, SBC, AAC /[기능] 액티브노이즈캔슬링 / 주변소리듣기 / 스마트센서 / 컨트롤: 전용 앱, 재생/멈춤조절 / 부가기능: 퀵충전 /[배터리] 재생시간: 30시간 / 충전단자: USB타입C /[부가] 회전형이어컵 / 무게: 241g / 어댑티브노이즈캔슬링(ANC)
SONY MDR-ZX770BN ※ 유무선헤드폰 / 음악+통화용 / 밀폐형 / 오버이어 / 블루투스 v3.0 / NFC / 3.5mm / 23Ω / 8Hz~22KHz / 오디오코덱: aptX, SBC, AAC /[기능] 액티브노이즈캔슬링 / 컨트롤: 재생/멈춤조절 / 부가기능: 볼륨조절 /[배터리] 재생시간: 최대 13시간 / 통화시간: 최대 10시간 /[부가] 회전형이어컵 / 케이블특징: 좌우대칭 / 무게: 245g / SCMS-T방식
몽블랑 X 메종키츠네 MB 01 ※ 유무선헤드폰 / 음악+통화용 / 밀폐형 / 오버이어 / 블루투스 v5.0 / 3.5mm / 네오디뮴마그네틱 / 21Ω / 104.3dB / 70Hz~18kHz / 오디오코덱: aptX, AAC /[기능] 액티브노이즈캔슬링 / 주변소리듣기 / 멀티포인트 / 컨트롤: 재생/멈춤조절 / 부가기능: 퀵충전, 볼륨조절 /[배터리] 재생시간: 20시간 / 충전단자: USB타입C /[부가] 추가구성품: 항공기내용어댑터 / 무게: 280g / 색상계열: 블루
스컬캔디 Hesh Evo ※ 유무선헤드폰 / 음악+통화용 / 밀폐형 / 오버이어 / 블루투스 v5.0 / 3.5mm / 32Ω / 91.3dB / 20Hz~20kHz /[기능] 컨트롤: 재생/멈춤조절 / 부가기능: 퀵충전, 볼륨조절 /[배터리] 재생시간: 36시간 / 배터리용량: 500mAh / 충전단자: USB타입C /[부가] 접이식 / 무게: 213g / 위치 추적 기능
플랜트로닉스 백비트 핏 6100 ※ 유무선헤드폰 / 음악+통화용 / 밀폐형 / 블루투스 v5.0 / 3.5mm / 20Hz~20kHz /[기능] 멀티페어링 / 멀티포인트 / 마이크특징: MEMS / 컨트롤: 터치버튼, 전용 앱, 재생/멈춤조절 / 부가기능: 퀵충전, 볼륨조절 / IPX5방수 /[배터리] 재생시간: 24시간 / 배터리용량: 500mAh /[부가] 무게: 240g
필립스 TAH5205 ※ 무선헤드폰 / 음악+통화용 / 밀폐형 / 오버이어 / 블루투스 v5.0 / 네오디뮴마그네틱 / 32Ω / 90dB / 20Hz~20kHz /[기능] 컨트롤: 재생/멈춤조절 / 부가기능: 퀵충전 /[배터리] 재생시간: 29시간 / 충전단자: USB타입C /[부가] 접이식 / 회전형이어컵 / 밴드조절가능 / 중저음 강조 버튼
서진네트웍스 유니콘 Beatles M-15 ※ 유무선헤드폰 / 음악+통화용 / 밀폐형 / 블루투스 v4.2 / 3.5mm / 20Hz~20kHz /[기능] 부가기능: 음성안내, 라디오, microSD재생 /[배터리] 재생시간: 7시간 / 통화시간: 3시간 / 충전단자: micro5핀 /[부가] 접이식 / 회전형이어컵 / 무게: 183.5g
JBL TUNE500BT ※ 무선헤드폰 / 음악+통화용 / 밀폐형 / 블루투스 v4.1 / 다이나믹드라이버 / 20Hz~20kHz /[기능] 멀티포인트 / 컨트롤: 재생/멈춤조절 / 부가기능: 퀵충전, 볼륨조절 /[배터리] 재생시간: 16시간 / 배터리용량: 300mAh /[부가] 접이식 / 회전형이어컵 / 무게: 155g
Britz 브리츠인터내셔널 BE-M190 ※ 유무선헤드폰 / 음악+통화용 / 밀폐형 / 온이어 / 블루투스 v4.1 / 3.5mm / 32Ω / 107dB / 20Hz~20kHz / 오디오코덱: SBC /[기능] 멀티페어링 / 부가기능: 배터리잔량표시 /[배터리] 재생시간: 20시간(볼륨 50%) / 통화시간: 20시간 / 배터리용량: 300mAh /[부가] 접이식 / 케이블특징: 좌우대칭 / 무게: 225g
호코 W35 ※ 유무선헤드폰 / 음악+통화용 / 밀폐형 / 오버이어 / 블루투스 v5.3 / 3.5mm /[기능] 컨트롤: 재생/멈춤조절 / 부가기능: 볼륨조절, microSD재생 /[배터리] 재생시간: 40시간 /[부가] 회전형이어컵 / 밴드조절가능 / 색상계열: 블랙, 실버
Britz 브리츠인터내셔널 W820BT ※ 유무선헤드폰 / 음악+통화용 / 밀폐형 / 오버이어 / 블루투스 v5.0 / 3.5mm / 네오디뮴마그네틱 / 32Ω / 100dB / 20Hz~20kHz /[기능] 오토페어링 / 부가기능: 볼륨조절 /[배터리] 재생시간: 20시간 / 배터리용량: 480mAh / 충전단자: micro5핀 /[부가] 접이식 / 케이블길이: 1.3m / 무게: 260g
Britz 브리츠인터내셔널 H880BT ※ 유무선헤드폰 / 음악+통화용 / 밀폐형 / 블루투스 v4.1 / 3.5mm / 64Ω / 99dB / 20Hz~20kHz / 오디오코덱: aptX, SBC /[기능] 컨트롤: 재생/멈춤조절 / 부가기능: 볼륨조절 /[배터리] 재생시간: 최대 26시간 / 통화시간: 23시간 / 배터리용량: 420mAh / 충전단자: micro5핀 /[부가] 회전형이어컵 / 무게: 245g / 볼륨레벨:16
아이리버 IBH-NC300 ※ 유무선헤드폰 / 음악+통화용 / 밀폐형 / 오버이어 / 블루투스 v5.0 / 3.5mm / 20Hz~20kHz /[기능] 액티브노이즈캔슬링 / 컨트롤: 재생/멈춤조절 / 부가기능: 볼륨조절 /[배터리] 재생시간: 13시간(ANC ON), 26시간(ANC OFF) / 배터리용량: ~400mAh /[부가] 접이식
SONY MDR-ZX220BT ※ 무선헤드폰 / 음악+통화용 / 밀폐형 / 온이어 / 블루투스 / NFC / 24Ω / 20Hz~20kHz / 오디오코덱: SBC /[기능] 컨트롤: 재생/멈춤조절 / 부가기능: 볼륨조절 /[배터리] 재생시간: 8시간 /[부가] 접이식 / 회전형이어컵 / 케이블특징: 좌우대칭 / 무게: 130g
archon Freebuds E9 ※ 유무선헤드폰 / 음악+통화용 / 밀폐형 / 오버이어 / 블루투스 v4.1 / 3.5mm / 32Ω / 95dB / 50Hz~20kHz / 오디오코덱: SBC /[기능] 컨트롤: 재생/멈춤조절 / 부가기능: 볼륨조절 /[배터리] 재생시간: 50시간 / 통화시간: 50시간 / 배터리용량: 1,050mAh / 충전단자: micro5핀 /[부가] 회전형이어컵 / 무게: 232g
베이어다이나믹 AVENTHO ※ 유무선헤드폰 / 음악+통화용 / 밀폐형 / 블루투스 v4.2 / 3.5mm / 32Ω / 105dB / 10Hz~40KHz / 오디오코덱: aptX HD, aptX, SBC, AAC /[기능] HRA / 컨트롤: 터치버튼, 전용 앱 / 부가기능: 볼륨조절 /[배터리] 재생시간: 20시간 / 충전단자: USB타입C /[부가] 케이블길이: 1.2m / 무게: 238g(케이블 제외) / 동시통화가능
필립스 TAPH805 ※ 유무선헤드폰 / 음악+통화용 / 밀폐형 / 오버이어 / 블루투스 v5.0 / 3.5mm / 네오디뮴마그네틱 / 16Ω / 90dB / 7Hz~40kHz / 오디오코덱: SBC /[기능] 액티브노이즈캔슬링 / HRA / 컨트롤: 터치버튼, 재생/멈춤조절 / 부가기능: 퀵충전 /[배터리] 재생시간: 25시간(ANC ON), 30시간(ANC OFF) / 통화시간: 30시간 /[부가] 접이식 / 회전형이어컵
리브라톤 Q ADAPT ※ 무선헤드폰 / 음악+통화용 / 밀폐형 / 온이어 / 블루투스 v4.1 / 3.5mm / 오디오코덱: aptX /[기능] 컨트롤: 터치버튼, 전용 앱 /[배터리] 재생시간: 20시간 이상 / 충전단자: USB타입C /[부가] 케이블특징: 탈착식케이블, 좌우대칭 / 무게: 200g / 허쉬기능
리맥스 RB-600HB ※ 유무선헤드폰 / 음악+통화용 / 밀폐형 / 오버이어 / 블루투스 v5.0 / 3.5mm / 32Ω / 105dB / 20Hz~20kHz / 오디오코덱: SBC, AAC /[기능] 액티브노이즈캔슬링 / 멀티페어링 / 마이크특징: HD보이스 / 컨트롤: 재생/멈춤조절 / 부가기능: 볼륨조절 /[배터리] 재생시간: 12시간 / 배터리용량: 500mAh /[부가] 접이식 / 회전형이어컵 / 무게: 240g
SONY h.ear on 3 Wireless NC WH-H910N ※ 유무선헤드폰 / 음악+통화용 / 밀폐형 / 오버이어 / 블루투스 v5.0 / NFC / 17Ω / 20Hz~20kHz / 오디오코덱: LDAC, SBC /[기능] 액티브노이즈캔슬링 / DSEE HX / HRA / 주변소리듣기 / 마이크특징: ENC/노이즈캔슬링 / 컨트롤: 터치버튼, 전용 앱, 재생/멈춤조절 / 부가기능: 퀵충전, 볼륨조절 /[배터리] 재생시간: 35시간(NC ON), 45시간(NC OFF) / 통화시간: 30시간(NC ON), 40시간(NC OFF) /[부가] 케이블길이: 1.2m / 무게: 251g
JBL CLUB 700BT ※ 유무선헤드폰 / 음악+통화용 / 밀폐형 / 블루투스 v5.0 / 3.5mm / 다이나믹드라이버 / 32Ω / 100dB / 16Hz~22kHz /[기능] HRA / 주변소리듣기 /[배터리] 재생시간: 50시간 / 충전단자: USB타입C /[부가] 접이식 / 무게: 283g / 토크쓰루
JBL TOUR ONE ※ 유무선헤드폰 / 음악+통화용 / 밀폐형 / 오버이어 / 블루투스 v5.0 / 3.5mm / 다이나믹드라이버 / 32Ω / 95dB / 10Hz~40kHz /[기능] 액티브노이즈캔슬링 / HRA / 주변소리듣기 / 멀티포인트 / 마이크특징: 빔포밍 / 컨트롤: 터치버튼, 전용 앱 / 부가기능: 퀵충전 /[배터리] 재생시간: 25시간(ANC ON), 50시간(ANC OFF) / 배터리용량: 920mAh / 충전단자: USB타입C /[부가] 회전형이어컵 / 무게: 268g
Smartek STBT-H500ANC ※ 유무선헤드폰 / 음악+통화용 / 밀폐형 / 오버이어 / 블루투스 v5.0 / 3.5mm / 32Ω / 105dB / 20Hz~20kHz /[기능] 액티브노이즈캔슬링 / 오토페어링 / 컨트롤: 재생/멈춤조절 / 부가기능: 볼륨조절, 음성안내 /[배터리] 재생시간: 10시간 / 배터리용량: 300mAh /[부가] 접이식 / 회전형이어컵 / 밴드조절가능 / 무게: 230g / 색상계열: 블랙
Bluedio H2 ※ 유무선헤드폰 / 음악+통화용 / 밀폐형 / 오버이어 / 블루투스 v5.0 / 3.5mm / 20Hz~20kHz /[기능] 액티브노이즈캔슬링 / 컨트롤: 터치버튼, 재생/멈춤조절 / 부가기능: 볼륨조절, microSD재생, 내장메모리재생 /[배터리] 재생시간: 40시간 / 통화시간: 40시간
데논 AH-GC30 ※ 유무선헤드폰 / 음악+통화용 / 밀폐형 / 오버이어 / 블루투스 / 3.5mm / 다이나믹드라이버 / 16Ω / 98dB / 5Hz~50kHz / 오디오코덱: aptX HD, AAC /[기능] 액티브노이즈캔슬링 / HRA / 컨트롤: 재생/멈춤조절 / 부가기능: 볼륨조절 /[배터리] 재생시간: 20시간 /[부가] 무게: 287g
아이리버 IBH-L501 ※ 유무선헤드폰 / 음악+통화용 / 밀폐형 / 오버이어 / 블루투스 v5.3 / 3.5mm / 20Hz~20kHz /[기능] 컨트롤: 재생/멈춤조절 / 부가기능: 볼륨조절 /[배터리] 재생시간: 10시간 / 배터리용량: 240mAh / 충전단자: USB타입C /[부가] 접이식 / 밴드조절가능
필립스 TAH4205 ※ 무선헤드폰 / 음악+통화용 / 밀폐형 / 온이어 / 블루투스 v5.0 / 다이나믹드라이버 / 32Ω / 110dB / 20Hz~20kHz /[기능] 컨트롤: 재생/멈춤조절 / 부가기능: 퀵충전 /[배터리] 재생시간: 29시간 / 충전단자: USB타입C /[부가] 접이식 / 회전형이어컵 / 중저음 강조버튼
아이리버 IBH-L601 ※ 유무선헤드폰 / 음악+통화용 / 밀폐형 / 오버이어 / 블루투스 v5.3 / 3.5mm / 20Hz~20kHz / 컨트롤: 재생/멈춤조절 / 부가기능: 볼륨조절 /[배터리] 재생시간: 10시간 / 배터리용량: 240mAh / 충전단자: USB타입C /[부가] 접이식 / 밴드조절가능 / 무게: 172g
코윈 SE7 ※ 유무선헤드폰 / 음악+통화용 / 밀폐형 / 오버이어 / 블루투스 v5.0 / 3.5mm / 32Ω / 90dB / 20Hz~20kHz / 오디오코덱: aptX, AAC /[기능] 액티브노이즈캔슬링 / 마이크특징: CVC 6.0 / 컨트롤: 재생/멈춤조절 /[배터리] 재생시간: 30시간(NC ON), 50시간(NC OFF) / 배터리용량: 800mAh /[부가] 접이식
플랜트로닉스 백비트 505 ※ 유무선헤드폰 / 음악+통화용 / 밀폐형 / 온이어 / 블루투스 / 3.5mm / 32Ω / 113dB / 20Hz~20kHz / 오디오코덱: SBC /[기능] 멀티포인트 / 컨트롤: 터치버튼, 전용 앱, 재생/멈춤조절 / 부가기능: 퀵충전, 볼륨조절 /[배터리] 재생시간: 최대 18시간 / 통화시간: 최대 18시간 /[부가] 회전형이어컵 / 케이블특징: 좌우대칭 / 무게: 155g / 메모리폼이어컵 / 딥슬립모드(최대6개월배터리충전량유지)
라이트컴 COMS F5 ※ 유무선헤드폰 / 음악+통화용 / 밀폐형 / 오버이어 / 블루투스 v4.1 / 3.5mm / 32Ω / 118dB / 20Hz~20kHz / 오디오코덱: aptX, SBC /[기능] 멀티페어링 / 컨트롤: 재생/멈춤조절 / 부가기능: 볼륨조절, 배터리잔량표시 /[배터리] 재생시간: 14시간 / 통화시간: 14시간 / 충전단자: micro5핀 /[부가] 접이식 / 케이블특징: 좌우대칭 / 무게: 250g
마스터앤다이나믹 MW75 ※ 유무선헤드폰 / 음악+통화용 / 밀폐형 / 오버이어 / 블루투스 v5.1 / 3.5mm / 6.3mm / 32Ω / 오디오코덱: aptX Adaptive, SBC, AAC /[기능] 액티브노이즈캔슬링 / 주변소리듣기 / 스마트센서 / 컨트롤: 전용 앱 / 부가기능: 퀵충전 /[배터리] 재생시간: 28시간(ANC ON), 32시간(ANC OFF) / 충전단자: USB타입C /[부가] 회전형이어컵 / 추가구성품: 휴대용케이스, 항공기내용어댑터 / 무게: 338g
GT텔레콤 모비프렌 MFB-H7100 ※ 무선헤드폰 / 음악+통화용 / 밀폐형 / 오버이어 / 블루투스 v4.2 / 오디오코덱: aptX HD, SBC, AAC /[기능] 컨트롤: 전용 앱 / 부가기능: 분실방지, 진동알림 /[배터리] 재생시간: 20시간 / 통화시간: 22시간 /[부가] 케이블특징: 좌우대칭 / 무게: 약350g / 스피커모드 / MSTS기술 / 6가지EQ조절 / 스피커모드음악재생시간: 16시간 / 스피커모드통화시간: 20시간
아디다스 RPT-01 ※ 무선헤드폰 / 음악+통화용 / 온이어 / 블루투스 v5.0 / 다이나믹드라이버 / 96dB / 20Hz~20kHz /[기능] 컨트롤: 전용 앱 / 생활방수 /[배터리] 재생시간: 40시간 / 충전단자: USB타입C /[부가] 무게: 210g / 분리세척가능
오디오테크니카 ATH-M50xBT ※ 유무선헤드폰 / 음악+통화용 / 밀폐형 / 블루투스 v5.0 / 3.5mm / 38Ω / 99dB / 15Hz~28KHz / 오디오코덱: aptX, SBC, AAC /[기능] 컨트롤: 터치버튼, 재생/멈춤조절 / 부가기능: 볼륨조절 /[배터리] 재생시간: 40시간 /[부가] 접이식 / 회전형이어컵 / 케이블길이: 1.2m / 무게: 310g
바이저롬 NCR80 ※ 유무선헤드폰 / 음악+통화용 / 밀폐형 / 온이어 / 블루투스 / 3.5mm / 다이나믹드라이버 / 32Ω / 20Hz~20kHz /[기능] 액티브노이즈캔슬링 / HRA / 주변소리듣기 / 컨트롤: 재생/멈춤조절 / 부가기능: 볼륨조절 /[배터리] 재생시간: 20시간(NC ON) / 배터리용량: 520mAh / 충전단자: micro5핀 /[부가] 회전형이어컵 / 무게: 209g
필립스 TAK4206 ※ 무선헤드폰 / 음악+통화용 / 어린이용 / 밀폐형 / 온이어 / 블루투스 v5.0 /[기능] 85dB볼륨제한 / 컨트롤: 전용 앱 / 부가기능: 퀵충전 /[배터리] 재생시간: 28시간 / 통화시간: 25시간 / 충전단자: USB타입C /[부가] 접이식 / 회전형이어컵 / 무게: 128g / LED 라이트
뱅앤올룹슨 BEOPLAY H8i ※ 유무선헤드폰 / 음악+통화용 / 온이어 / 블루투스 v4.2 / 3.5mm / 20Hz~20kHz / 오디오코덱: AAC /[기능] 액티브노이즈캔슬링 / 마이크특징: ENC/노이즈캔슬링 / 컨트롤: 전용 앱, 재생/멈춤조절, 마이크OFF / 부가기능: 볼륨조절 /[배터리] 재생시간: 30시간 / 배터리용량: 1,110mAh / 충전단자: USB타입C /[부가] 무게: 215g / 트랜스퍼런시모드 / 근접센서 / 아이폰사용자는애플워치조작가능
세컨드찬스 GEEKSTAR GH-M15BT ※ 유무선헤드폰 / 음악+통화용 / 밀폐형 / 오버이어 / 블루투스 v4.2 / 3.5mm /[기능] 컨트롤: 재생/멈춤조절 / 부가기능: 볼륨조절, 음성안내, 라디오, microSD재생 /[배터리] 재생시간: 7시간 / 통화시간: 3시간 / 충전단자: micro5핀 /[부가] 접이식 / 회전형이어컵
코윈 E7 Pro ※ 무선헤드폰 / 음악+통화용 / 밀폐형 / 블루투스 / 3.5mm / 16Ω / 85dB / 20Hz~20kHz /[기능] 액티브노이즈캔슬링 /[배터리] 재생시간: 30시간 /[부가] 접이식 / 회전형이어컵
라이트컴 COMS ID815 ※ 유무선헤드폰 / 음악+통화용 / 밀폐형 / 온이어 / 블루투스 v3.0 / 3.5mm / 20Hz~20kHz / 오디오코덱: SBC /[기능] 컨트롤: 재생/멈춤조절 /[배터리] 재생시간: 9시간 / 통화시간: 6시간 / 배터리용량: 200mAh / 충전단자: micro5핀 /[부가] 접이식 / 케이블특징: 좌우대칭 / 무게: 168g
피아톤 Plays On BT390 ※ 유무선헤드폰 / 음악+통화용 / 밀폐형 / 온이어 / 블루투스 v4.1 / 3.5mm / 32Ω / 102dB / 20Hz~27KHz / 오디오코덱: SBC /[기능] 멀티포인트 / 컨트롤: 재생/멈춤조절 / 부가기능: 볼륨조절 /[배터리] 재생시간: 30시간 / 통화시간: 29시간 /[부가] 케이블특징: 좌우대칭 / 무게: 140g / Everplay-X기능
스컬캔디 Hesh ANC ※ 유무선헤드폰 / 음악+통화용 / 밀폐형 / 오버이어 / 블루투스 v5.0 / 3.5mm / 32Ω / 99.63dB / 20Hz~20kHz /[기능] 액티브노이즈캔슬링 / 주변소리듣기 / 컨트롤: 전용 앱, 재생/멈춤조절 / 부가기능: 퀵충전, 볼륨조절 /[배터리] 재생시간: 22시간 / 배터리용량: 500mAh / 충전단자: USB타입C /[부가] 접이식 / 무게: 228g / 위치추적 기능
SONY MDR-ZX330BT ※ 무선헤드폰 / 음악+통화용 / 밀폐형 / 블루투스 v3.0 / NFC / 2.4GHz / 20Hz~20kHz / 오디오코덱: SBC, AAC /[기능] 컨트롤: 재생/멈춤조절 / 부가기능: 볼륨조절 /[배터리] 재생시간: 30시간 / 통화시간: 30시간 /[부가] 회전형이어컵 / 무게: 150g
JBL LIVE650BTNC ※ 유무선헤드폰 / 음악+통화용 / 밀폐형 / 오버이어 / 블루투스 v4.2 / 3.5mm / 다이나믹드라이버 / 32Ω / 100dB / 16Hz~20kHz /[기능] 액티브노이즈캔슬링 / 주변소리듣기 / 멀티포인트 / 컨트롤: 터치버튼, 재생/멈춤조절 / 부가기능: 볼륨조절 /[배터리] 재생시간: 20(NC ON), 30(NC OFF) / 배터리용량: 700mAh /[부가] 접이식 / 회전형이어컵 / 케이블길이: 1.2m / 무게: 260g / 최대입력허용: 30mW
베이어다이나믹 AMIRON wireless ※ 유무선헤드폰 / 음악+통화용 / 밀폐형 / 오버이어 / 블루투스 / 오디오코덱: aptX HD /[기능] HRA / 컨트롤: 터치버튼, 전용 앱, 재생/멈춤조절 / 부가기능: 볼륨조절
SONY h.ear on Wireless NC MDR-100ABN ※ 유무선헤드폰 / 음악+통화용 / 밀폐형 / 오버이어 / 블루투스 / NFC / 3.5mm / 16Ω / 97dB / 5Hz~40KHz / 오디오코덱: LDAC / HRA /[부가] 케이블특징: 좌우대칭
베이어다이나믹 LAGOON ANC ※ 무선헤드폰 / 음악+통화용 / 밀폐형 / 블루투스 / 20Ω / 10Hz~30kHz / 오디오코덱: aptX, SBC, AAC /[기능] 액티브노이즈캔슬링 / 마이크특징: CVC 8.0 / 컨트롤: 터치버튼, 전용 앱, 재생/멈춤조절 / 부가기능: 볼륨조절 /[배터리] 재생시간: 24,5시간(NC ON) /[부가] 접이식 / 무게: 283g
BOSE QC 35 II Limited Edition ※ 유무선헤드폰 / 음악+통화용 / 밀폐형 / 오버이어 / 블루투스 v4.2 / NFC / 3.5mm / 오디오코덱: SBC /[기능] 액티브노이즈캔슬링 / 멀티페어링 / 멀티포인트 / 컨트롤: 전용 앱, 재생/멈춤조절 / 부가기능: 퀵충전, 볼륨조절, 음성안내 /[배터리] 재생시간: 최대 20시간, 최대 40시간(유선) /[부가] 케이블특징: 좌우대칭 / 무게: 235g / 클리어링
KOSS KSC35 Wireless ※ 무선헤드폰 / 음악+통화용 / 오픈형 / 온이어 / 클립형 / 블루투스 v4.2 / 101dB / 15Hz~25kHz / 컨트롤: 재생/멈춤조절 / 부가기능: 볼륨조절 / 재생시간: 6시간
레노버 HD116 ※ 유무선헤드폰 / 음악+통화용 / 밀폐형 / 오버이어 / 블루투스 v5.0 / 3.5mm / 100dB / 20Hz~20kHz /[기능] 오토페어링 / 부가기능: 볼륨조절 / IPX5방수 /[배터리] 재생시간: 24시간 / 충전단자: micro5핀 /[부가] 접이식 / BASS모드
피아톤 BT460 ※ 유무선헤드폰 / 음악+통화용 / 블루투스 v4.0 / 3.5mm / 32Ω / 98dB / 20Hz~27KHz / 오디오코덱: aptX, SBC, AAC /[기능] 멀티포인트 / 부가기능: 볼륨조절 /[배터리] 재생시간: 20시간 / 통화시간: 20시간 /[부가] 케이블특징: 좌우대칭 / 무게: 240g / ShareME
KOSS BT539i ※ 유무선헤드폰 / 음악+통화용 / 밀폐형 / 오버이어 / 블루투스 / 3.5mm / 다이나믹드라이버 / 38Ω / 97dB / 10Hz~20kHz / 컨트롤: 재생/멈춤조절 / 부가기능: 볼륨조절 /[배터리] 재생시간: 12시간 / 통화시간: 9시간
아이리버 IKH-B500i ※ 유무선헤드폰 / 음악+통화용 / 어린이용 / 밀폐형 / 온이어 / 블루투스 v5.0 / 3.5mm / 32Ω /[기능] 85dB볼륨제한 / 컨트롤: 재생/멈춤조절 / 부가기능: 볼륨조절 /[배터리] 재생시간: 15시간 / 배터리용량: 300mAh / 충전단자: micro5핀 /[부가] 무게: 104g
유니콘 Beatles Rock ※ 유무선헤드폰 / 음악+통화용 / 밀폐형 / 온이어 / 블루투스 v4.1 / 3.5mm / USB / 20Hz~20kHz /[기능] 컨트롤: 터치버튼 / 부가기능: 볼륨조절, 음성안내, 라디오, microSD재생 /[배터리] 재생시간: 6시간 /[부가] 접이식 / 무게: 155g / 유선연결시:마이크동작미지원
그라도 GW100 ※ 유무선헤드폰 / 음악+통화용 / 오픈형 / 오버이어 / 블루투스 v5.0 / 3.5mm / 다이나믹드라이버 / 32Ω / 99.8dB / 20Hz~20kHz /[기능] 컨트롤: 재생/멈춤조절 / 부가기능: 볼륨조절 /[배터리] 재생시간: 40시간 / 배터리용량: 850mAh /[부가] 회전형이어컵
SONY MDR-XB650BT ※ 무선헤드폰 / 음악+통화용 / 밀폐형 / 블루투스 / NFC / 24Ω / 95dB / 20Hz~20kHz / ExtraBass /[배터리] 재생시간: 30시간 /[부가] 접이식 / 회전형이어컵 / 케이블특징: 좌우대칭 / 무게: 190g
SonicGearLab 소닉기어 뉴 에어폰 7 ※ 유무선헤드폰 / 음악+통화용 / 밀폐형 / 오버이어 / 블루투스 v5.0 / 3.5mm / 32Ω / 20Hz~20kHz /[기능] 컨트롤: 재생/멈춤조절 / 부가기능: 볼륨조절 /[배터리] 재생시간: 10시간 / 통화시간: 10시간 / 배터리용량: 200mAh / 충전단자: micro5핀 /[부가] 무게: 147g
HIFIMAN ANANDA-BT ※ 유무선헤드폰 / 음악전용 / 오픈형 / 오버이어 / 블루투스 / 3.5mm / 35Ω / 103dB / 8Hz~55kHz / 오디오코덱: LDAC, aptX HD, aptX, SBC, AAC /[기능] DAC내장 / 마이크특징: 탈부착마이크 /[배터리] 재생시간: 10시간 / 충전단자: USB타입C /[부가] 회전형이어컵 / 무게: 460g
NURA 델핀 누라 ※ 유무선헤드폰 / 음악+통화용 / 밀폐형 / 블루투스 / 3.5mm / USB타입C / 라이트닝 / 오디오코덱: aptX HD /[기능] 액티브노이즈캔슬링 / 주변소리듣기 / 컨트롤: 전용 앱 /[배터리] 재생시간: 20시간 /[부가] 무게: 329g / 이머젼모드
라이트컴 COMS F5 ※ 유무선헤드폰 / 음악+통화용 / 밀폐형 / 오버이어 / 블루투스 v4.1 / 3.5mm / 32Ω / 118dB / 20Hz~20kHz / 오디오코덱: aptX, SBC /[기능] 멀티페어링 / 컨트롤: 재생/멈춤조절 / 부가기능: 볼륨조절, 배터리잔량표시 /[배터리] 재생시간: 14시간 / 통화시간: 14시간 / 충전단자: micro5핀 /[부가] 접이식 / 케이블특징: 좌우대칭 / 무게: 250g
마스터앤다이나믹 MW75 ※ 유무선헤드폰 / 음악+통화용 / 밀폐형 / 오버이어 / 블루투스 v5.1 / 3.5mm / 6.3mm / 32Ω / 오디오코덱: aptX Adaptive, SBC, AAC /[기능] 액티브노이즈캔슬링 / 주변소리듣기 / 스마트센서 / 컨트롤: 전용 앱 / 부가기능: 퀵충전 /[배터리] 재생시간: 28시간(ANC ON), 32시간(ANC OFF) / 충전단자: USB타입C /[부가] 회전형이어컵 / 추가구성품: 휴대용케이스, 항공기내용어댑터 / 무게: 338g
GT텔레콤 모비프렌 MFB-H7100 ※ 무선헤드폰 / 음악+통화용 / 밀폐형 / 오버이어 / 블루투스 v4.2 / 오디오코덱: aptX HD, SBC, AAC /[기능] 컨트롤: 전용 앱 / 부가기능: 분실방지, 진동알림 /[배터리] 재생시간: 20시간 / 통화시간: 22시간 /[부가] 케이블특징: 좌우대칭 / 무게: 약350g / 스피커모드 / MSTS기술 / 6가지EQ조절 / 스피커모드음악재생시간: 16시간 / 스피커모드통화시간: 20시간
아디다스 RPT-01 ※ 무선헤드폰 / 음악+통화용 / 온이어 / 블루투스 v5.0 / 다이나믹드라이버 / 96dB / 20Hz~20kHz /[기능] 컨트롤: 전용 앱 / 생활방수 /[배터리] 재생시간: 40시간 / 충전단자: USB타입C /[부가] 무게: 210g / 분리세척가능
오디오테크니카 ATH-M50xBT ※ 유무선헤드폰 / 음악+통화용 / 밀폐형 / 블루투스 v5.0 / 3.5mm / 38Ω / 99dB / 15Hz~28KHz / 오디오코덱: aptX, SBC, AAC /[기능] 컨트롤: 터치버튼, 재생/멈춤조절 / 부가기능: 볼륨조절 /[배터리] 재생시간: 40시간 /[부가] 접이식 / 회전형이어컵 / 케이블길이: 1.2m / 무게: 310g
바이저롬 NCR80 ※ 유무선헤드폰 / 음악+통화용 / 밀폐형 / 온이어 / 블루투스 / 3.5mm / 다이나믹드라이버 / 32Ω / 20Hz~20kHz /[기능] 액티브노이즈캔슬링 / HRA / 주변소리듣기 / 컨트롤: 재생/멈춤조절 / 부가기능: 볼륨조절 /[배터리] 재생시간: 20시간(NC ON) / 배터리용량: 520mAh / 충전단자: micro5핀 /[부가] 회전형이어컵 / 무게: 209g
필립스 TAK4206 ※ 무선헤드폰 / 음악+통화용 / 어린이용 / 밀폐형 / 온이어 / 블루투스 v5.0 /[기능] 85dB볼륨제한 / 컨트롤: 전용 앱 / 부가기능: 퀵충전 /[배터리] 재생시간: 28시간 / 통화시간: 25시간 / 충전단자: USB타입C /[부가] 접이식 / 회전형이어컵 / 무게: 128g / LED 라이트
뱅앤올룹슨 BEOPLAY H8i ※ 유무선헤드폰 / 음악+통화용 / 온이어 / 블루투스 v4.2 / 3.5mm / 20Hz~20kHz / 오디오코덱: AAC /[기능] 액티브노이즈캔슬링 / 마이크특징: ENC/노이즈캔슬링 / 컨트롤: 전용 앱, 재생/멈춤조절, 마이크OFF / 부가기능: 볼륨조절 /[배터리] 재생시간: 30시간 / 배터리용량: 1,110mAh / 충전단자: USB타입C /[부가] 무게: 215g / 트랜스퍼런시모드 / 근접센서 / 아이폰사용자는애플워치조작가능
세컨드찬스 GEEKSTAR GH-M15BT ※ 유무선헤드폰 / 음악+통화용 / 밀폐형 / 오버이어 / 블루투스 v4.2 / 3.5mm /[기능] 컨트롤: 재생/멈춤조절 / 부가기능: 볼륨조절, 음성안내, 라디오, microSD재생 /[배터리] 재생시간: 7시간 / 통화시간: 3시간 / 충전단자: micro5핀 /[부가] 접이식 / 회전형이어컵
코윈 E7 Pro ※ 무선헤드폰 / 음악+통화용 / 밀폐형 / 블루투스 / 3.5mm / 16Ω / 85dB / 20Hz~20kHz /[기능] 액티브노이즈캔슬링 /[배터리] 재생시간: 30시간 /[부가] 접이식 / 회전형이어컵
라이트컴 COMS ID815 ※ 유무선헤드폰 / 음악+통화용 / 밀폐형 / 온이어 / 블루투스 v3.0 / 3.5mm / 20Hz~20kHz / 오디오코덱: SBC /[기능] 컨트롤: 재생/멈춤조절 /[배터리] 재생시간: 9시간 / 통화시간: 6시간 / 배터리용량: 200mAh / 충전단자: micro5핀 /[부가] 접이식 / 케이블특징: 좌우대칭 / 무게: 168g
피아톤 Plays On BT390 ※ 유무선헤드폰 / 음악+통화용 / 밀폐형 / 온이어 / 블루투스 v4.1 / 3.5mm / 32Ω / 102dB / 20Hz~27KHz / 오디오코덱: SBC /[기능] 멀티포인트 / 컨트롤: 재생/멈춤조절 / 부가기능: 볼륨조절 /[배터리] 재생시간: 30시간 / 통화시간: 29시간 /[부가] 케이블특징: 좌우대칭 / 무게: 140g / Everplay-X기능
스컬캔디 Hesh ANC ※ 유무선헤드폰 / 음악+통화용 / 밀폐형 / 오버이어 / 블루투스 v5.0 / 3.5mm / 32Ω / 99.63dB / 20Hz~20kHz /[기능] 액티브노이즈캔슬링 / 주변소리듣기 / 컨트롤: 전용 앱, 재생/멈춤조절 / 부가기능: 퀵충전, 볼륨조절 /[배터리] 재생시간: 22시간 / 배터리용량: 500mAh / 충전단자: USB타입C /[부가] 접이식 / 무게: 228g / 위치추적 기능
SONY MDR-ZX330BT ※ 무선헤드폰 / 음악+통화용 / 밀폐형 / 블루투스 v3.0 / NFC / 2.4GHz / 20Hz~20kHz / 오디오코덱: SBC, AAC /[기능] 컨트롤: 재생/멈춤조절 / 부가기능: 볼륨조절 /[배터리] 재생시간: 30시간 / 통화시간: 30시간 /[부가] 회전형이어컵 / 무게: 150g
JBL LIVE650BTNC ※ 유무선헤드폰 / 음악+통화용 / 밀폐형 / 오버이어 / 블루투스 v4.2 / 3.5mm / 다이나믹드라이버 / 32Ω / 100dB / 16Hz~20kHz /[기능] 액티브노이즈캔슬링 / 주변소리듣기 / 멀티포인트 / 컨트롤: 터치버튼, 재생/멈춤조절 / 부가기능: 볼륨조절 /[배터리] 재생시간: 20(NC ON), 30(NC OFF) / 배터리용량: 700mAh /[부가] 접이식 / 회전형이어컵 / 케이블길이: 1.2m / 무게: 260g / 최대입력허용: 30mW
베이어다이나믹 AMIRON wireless ※ 유무선헤드폰 / 음악+통화용 / 밀폐형 / 오버이어 / 블루투스 / 오디오코덱: aptX HD /[기능] HRA / 컨트롤: 터치버튼, 전용 앱, 재생/멈춤조절 / 부가기능: 볼륨조절
SONY h.ear on Wireless NC MDR-100ABN ※ 유무선헤드폰 / 음악+통화용 / 밀폐형 / 오버이어 / 블루투스 / NFC / 3.5mm / 16Ω / 97dB / 5Hz~40KHz / 오디오코덱: LDAC / HRA /[부가] 케이블특징: 좌우대칭
베이어다이나믹 LAGOON ANC ※ 무선헤드폰 / 음악+통화용 / 밀폐형 / 블루투스 / 20Ω / 10Hz~30kHz / 오디오코덱: aptX, SBC, AAC /[기능] 액티브노이즈캔슬링 / 마이크특징: CVC 8.0 / 컨트롤: 터치버튼, 전용 앱, 재생/멈춤조절 / 부가기능: 볼륨조절 /[배터리] 재생시간: 24,5시간(NC ON) /[부가] 접이식 / 무게: 283g
BOSE QC 35 II Limited Edition ※ 유무선헤드폰 / 음악+통화용 / 밀폐형 / 오버이어 / 블루투스 v4.2 / NFC / 3.5mm / 오디오코덱: SBC /[기능] 액티브노이즈캔슬링 / 멀티페어링 / 멀티포인트 / 컨트롤: 전용 앱, 재생/멈춤조절 / 부가기능: 퀵충전, 볼륨조절, 음성안내 /[배터리] 재생시간: 최대 20시간, 최대 40시간(유선) /[부가] 케이블특징: 좌우대칭 / 무게: 235g / 클리어링
KOSS KSC35 Wireless ※ 무선헤드폰 / 음악+통화용 / 오픈형 / 온이어 / 클립형 / 블루투스 v4.2 / 101dB / 15Hz~25kHz / 컨트롤: 재생/멈춤조절 / 부가기능: 볼륨조절 / 재생시간: 6시간
레노버 HD116 ※ 유무선헤드폰 / 음악+통화용 / 밀폐형 / 오버이어 / 블루투스 v5.0 / 3.5mm / 100dB / 20Hz~20kHz /[기능] 오토페어링 / 부가기능: 볼륨조절 / IPX5방수 /[배터리] 재생시간: 24시간 / 충전단자: micro5핀 /[부가] 접이식 / BASS모드
피아톤 BT460 ※ 유무선헤드폰 / 음악+통화용 / 블루투스 v4.0 / 3.5mm / 32Ω / 98dB / 20Hz~27KHz / 오디오코덱: aptX, SBC, AAC /[기능] 멀티포인트 / 부가기능: 볼륨조절 /[배터리] 재생시간: 20시간 / 통화시간: 20시간 /[부가] 케이블특징: 좌우대칭 / 무게: 240g / ShareME
KOSS BT539i ※ 유무선헤드폰 / 음악+통화용 / 밀폐형 / 오버이어 / 블루투스 / 3.5mm / 다이나믹드라이버 / 38Ω / 97dB / 10Hz~20kHz / 컨트롤: 재생/멈춤조절 / 부가기능: 볼륨조절 /[배터리] 재생시간: 12시간 / 통화시간: 9시간
아이리버 IKH-B500i ※ 유무선헤드폰 / 음악+통화용 / 어린이용 / 밀폐형 / 온이어 / 블루투스 v5.0 / 3.5mm / 32Ω /[기능] 85dB볼륨제한 / 컨트롤: 재생/멈춤조절 / 부가기능: 볼륨조절 /[배터리] 재생시간: 15시간 / 배터리용량: 300mAh / 충전단자: micro5핀 /[부가] 무게: 104g
유니콘 Beatles Rock ※ 유무선헤드폰 / 음악+통화용 / 밀폐형 / 온이어 / 블루투스 v4.1 / 3.5mm / USB / 20Hz~20kHz /[기능] 컨트롤: 터치버튼 / 부가기능: 볼륨조절, 음성안내, 라디오, microSD재생 /[배터리] 재생시간: 6시간 /[부가] 접이식 / 무게: 155g / 유선연결시:마이크동작미지원
그라도 GW100 ※ 유무선헤드폰 / 음악+통화용 / 오픈형 / 오버이어 / 블루투스 v5.0 / 3.5mm / 다이나믹드라이버 / 32Ω / 99.8dB / 20Hz~20kHz /[기능] 컨트롤: 재생/멈춤조절 / 부가기능: 볼륨조절 /[배터리] 재생시간: 40시간 / 배터리용량: 850mAh /[부가] 회전형이어컵
SONY MDR-XB650BT ※ 무선헤드폰 / 음악+통화용 / 밀폐형 / 블루투스 / NFC / 24Ω / 95dB / 20Hz~20kHz / ExtraBass /[배터리] 재생시간: 30시간 /[부가] 접이식 / 회전형이어컵 / 케이블특징: 좌우대칭 / 무게: 190g
SonicGearLab 소닉기어 뉴 에어폰 7 ※ 유무선헤드폰 / 음악+통화용 / 밀폐형 / 오버이어 / 블루투스 v5.0 / 3.5mm / 32Ω / 20Hz~20kHz /[기능] 컨트롤: 재생/멈춤조절 / 부가기능: 볼륨조절 /[배터리] 재생시간: 10시간 / 통화시간: 10시간 / 배터리용량: 200mAh / 충전단자: micro5핀 /[부가] 무게: 147g
HIFIMAN ANANDA-BT ※ 유무선헤드폰 / 음악전용 / 오픈형 / 오버이어 / 블루투스 / 3.5mm / 35Ω / 103dB / 8Hz~55kHz / 오디오코덱: LDAC, aptX HD, aptX, SBC, AAC /[기능] DAC내장 / 마이크특징: 탈부착마이크 /[배터리] 재생시간: 10시간 / 충전단자: USB타입C /[부가] 회전형이어컵 / 무게: 460g
NURA 델핀 누라 ※ 유무선헤드폰 / 음악+통화용 / 밀폐형 / 블루투스 / 3.5mm / USB타입C / 라이트닝 / 오디오코덱: aptX HD /[기능] 액티브노이즈캔슬링 / 주변소리듣기 / 컨트롤: 전용 앱 /[배터리] 재생시간: 20시간 /[부가] 무게: 329g / 이머젼모드
라이트컴 COMS F5 ※ 유무선헤드폰 / 음악+통화용 / 밀폐형 / 오버이어 / 블루투스 v4.1 / 3.5mm / 32Ω / 118dB / 20Hz~20kHz / 오디오코덱: aptX, SBC /[기능] 멀티페어링 / 컨트롤: 재생/멈춤조절 / 부가기능: 볼륨조절, 배터리잔량표시 /[배터리] 재생시간: 14시간 / 통화시간: 14시간 / 충전단자: micro5핀 /[부가] 접이식 / 케이블특징: 좌우대칭 / 무게: 250g
마스터앤다이나믹 MW75 ※ 유무선헤드폰 / 음악+통화용 / 밀폐형 / 오버이어 / 블루투스 v5.1 / 3.5mm / 6.3mm / 32Ω / 오디오코덱: aptX Adaptive, SBC, AAC /[기능] 액티브노이즈캔슬링 / 주변소리듣기 / 스마트센서 / 컨트롤: 전용 앱 / 부가기능: 퀵충전 /[배터리] 재생시간: 28시간(ANC ON), 32시간(ANC OFF) / 충전단자: USB타입C /[부가] 회전형이어컵 / 추가구성품: 휴대용케이스, 항공기내용어댑터 / 무게: 338g
GT텔레콤 모비프렌 MFB-H7100 ※ 무선헤드폰 / 음악+통화용 / 밀폐형 / 오버이어 / 블루투스 v4.2 / 오디오코덱: aptX HD, SBC, AAC /[기능] 컨트롤: 전용 앱 / 부가기능: 분실방지, 진동알림 /[배터리] 재생시간: 20시간 / 통화시간: 22시간 /[부가] 케이블특징: 좌우대칭 / 무게: 약350g / 스피커모드 / MSTS기술 / 6가지EQ조절 / 스피커모드음악재생시간: 16시간 / 스피커모드통화시간: 20시간
아디다스 RPT-01 ※ 무선헤드폰 / 음악+통화용 / 온이어 / 블루투스 v5.0 / 다이나믹드라이버 / 96dB / 20Hz~20kHz /[기능] 컨트롤: 전용 앱 / 생활방수 /[배터리] 재생시간: 40시간 / 충전단자: USB타입C /[부가] 무게: 210g / 분리세척가능
오디오테크니카 ATH-M50xBT ※ 유무선헤드폰 / 음악+통화용 / 밀폐형 / 블루투스 v5.0 / 3.5mm / 38Ω / 99dB / 15Hz~28KHz / 오디오코덱: aptX, SBC, AAC /[기능] 컨트롤: 터치버튼, 재생/멈춤조절 / 부가기능: 볼륨조절 /[배터리] 재생시간: 40시간 /[부가] 접이식 / 회전형이어컵 / 케이블길이: 1.2m / 무게: 310g
바이저롬 NCR80 ※ 유무선헤드폰 / 음악+통화용 / 밀폐형 / 온이어 / 블루투스 / 3.5mm / 다이나믹드라이버 / 32Ω / 20Hz~20kHz /[기능] 액티브노이즈캔슬링 / HRA / 주변소리듣기 / 컨트롤: 재생/멈춤조절 / 부가기능: 볼륨조절 /[배터리] 재생시간: 20시간(NC ON) / 배터리용량: 520mAh / 충전단자: micro5핀 /[부가] 회전형이어컵 / 무게: 209g
필립스 TAK4206 ※ 무선헤드폰 / 음악+통화용 / 어린이용 / 밀폐형 / 온이어 / 블루투스 v5.0 /[기능] 85dB볼륨제한 / 컨트롤: 전용 앱 / 부가기능: 퀵충전 /[배터리] 재생시간: 28시간 / 통화시간: 25시간 / 충전단자: USB타입C /[부가] 접이식 / 회전형이어컵 / 무게: 128g / LED 라이트
뱅앤올룹슨 BEOPLAY H8i ※ 유무선헤드폰 / 음악+통화용 / 온이어 / 블루투스 v4.2 / 3.5mm / 20Hz~20kHz / 오디오코덱: AAC /[기능] 액티브노이즈캔슬링 / 마이크특징: ENC/노이즈캔슬링 / 컨트롤: 전용 앱, 재생/멈춤조절, 마이크OFF / 부가기능: 볼륨조절 /[배터리] 재생시간: 30시간 / 배터리용량: 1,110mAh / 충전단자: USB타입C /[부가] 무게: 215g / 트랜스퍼런시모드 / 근접센서 / 아이폰사용자는애플워치조작가능
세컨드찬스 GEEKSTAR GH-M15BT ※ 유무선헤드폰 / 음악+통화용 / 밀폐형 / 오버이어 / 블루투스 v4.2 / 3.5mm /[기능] 컨트롤: 재생/멈춤조절 / 부가기능: 볼륨조절, 음성안내, 라디오, microSD재생 /[배터리] 재생시간: 7시간 / 통화시간: 3시간 / 충전단자: micro5핀 /[부가] 접이식 / 회전형이어컵
코윈 E7 Pro ※ 무선헤드폰 / 음악+통화용 / 밀폐형 / 블루투스 / 3.5mm / 16Ω / 85dB / 20Hz~20kHz /[기능] 액티브노이즈캔슬링 /[배터리] 재생시간: 30시간 /[부가] 접이식 / 회전형이어컵
라이트컴 COMS ID815 ※ 유무선헤드폰 / 음악+통화용 / 밀폐형 / 온이어 / 블루투스 v3.0 / 3.5mm / 20Hz~20kHz / 오디오코덱: SBC /[기능] 컨트롤: 재생/멈춤조절 /[배터리] 재생시간: 9시간 / 통화시간: 6시간 / 배터리용량: 200mAh / 충전단자: micro5핀 /[부가] 접이식 / 케이블특징: 좌우대칭 / 무게: 168g
피아톤 Plays On BT390 ※ 유무선헤드폰 / 음악+통화용 / 밀폐형 / 온이어 / 블루투스 v4.1 / 3.5mm / 32Ω / 102dB / 20Hz~27KHz / 오디오코덱: SBC /[기능] 멀티포인트 / 컨트롤: 재생/멈춤조절 / 부가기능: 볼륨조절 /[배터리] 재생시간: 30시간 / 통화시간: 29시간 /[부가] 케이블특징: 좌우대칭 / 무게: 140g / Everplay-X기능
스컬캔디 Hesh ANC ※ 유무선헤드폰 / 음악+통화용 / 밀폐형 / 오버이어 / 블루투스 v5.0 / 3.5mm / 32Ω / 99.63dB / 20Hz~20kHz /[기능] 액티브노이즈캔슬링 / 주변소리듣기 / 컨트롤: 전용 앱, 재생/멈춤조절 / 부가기능: 퀵충전, 볼륨조절 /[배터리] 재생시간: 22시간 / 배터리용량: 500mAh / 충전단자: USB타입C /[부가] 접이식 / 무게: 228g / 위치추적 기능
SONY MDR-ZX330BT ※ 무선헤드폰 / 음악+통화용 / 밀폐형 / 블루투스 v3.0 / NFC / 2.4GHz / 20Hz~20kHz / 오디오코덱: SBC, AAC /[기능] 컨트롤: 재생/멈춤조절 / 부가기능: 볼륨조절 /[배터리] 재생시간: 30시간 / 통화시간: 30시간 /[부가] 회전형이어컵 / 무게: 150g
JBL LIVE650BTNC ※ 유무선헤드폰 / 음악+통화용 / 밀폐형 / 오버이어 / 블루투스 v4.2 / 3.5mm / 다이나믹드라이버 / 32Ω / 100dB / 16Hz~20kHz /[기능] 액티브노이즈캔슬링 / 주변소리듣기 / 멀티포인트 / 컨트롤: 터치버튼, 재생/멈춤조절 / 부가기능: 볼륨조절 /[배터리] 재생시간: 20(NC ON), 30(NC OFF) / 배터리용량: 700mAh /[부가] 접이식 / 회전형이어컵 / 케이블길이: 1.2m / 무게: 260g / 최대입력허용: 30mW
베이어다이나믹 AMIRON wireless ※ 유무선헤드폰 / 음악+통화용 / 밀폐형 / 오버이어 / 블루투스 / 오디오코덱: aptX HD /[기능] HRA / 컨트롤: 터치버튼, 전용 앱, 재생/멈춤조절 / 부가기능: 볼륨조절
SONY h.ear on Wireless NC MDR-100ABN ※ 유무선헤드폰 / 음악+통화용 / 밀폐형 / 오버이어 / 블루투스 / NFC / 3.5mm / 16Ω / 97dB / 5Hz~40KHz / 오디오코덱: LDAC / HRA /[부가] 케이블특징: 좌우대칭
베이어다이나믹 LAGOON ANC ※ 무선헤드폰 / 음악+통화용 / 밀폐형 / 블루투스 / 20Ω / 10Hz~30kHz / 오디오코덱: aptX, SBC, AAC /[기능] 액티브노이즈캔슬링 / 마이크특징: CVC 8.0 / 컨트롤: 터치버튼, 전용 앱, 재생/멈춤조절 / 부가기능: 볼륨조절 /[배터리] 재생시간: 24,5시간(NC ON) /[부가] 접이식 / 무게: 283g
BOSE QC 35 II Limited Edition ※ 유무선헤드폰 / 음악+통화용 / 밀폐형 / 오버이어 / 블루투스 v4.2 / NFC / 3.5mm / 오디오코덱: SBC /[기능] 액티브노이즈캔슬링 / 멀티페어링 / 멀티포인트 / 컨트롤: 전용 앱, 재생/멈춤조절 / 부가기능: 퀵충전, 볼륨조절, 음성안내 /[배터리] 재생시간: 최대 20시간, 최대 40시간(유선) /[부가] 케이블특징: 좌우대칭 / 무게: 235g / 클리어링
레노버 HD116 ※ 유무선헤드폰 / 음악+통화용 / 밀폐형 / 오버이어 / 블루투스 v5.0 / 3.5mm / 100dB / 20Hz~20kHz /[기능] 오토페어링 / 부가기능: 볼륨조절 / IPX5방수 /[배터리] 재생시간: 24시간 / 충전단자: micro5핀 /[부가] 접이식 / BASS모드
아이리버 IKH-B500i ※ 유무선헤드폰 / 음악+통화용 / 어린이용 / 밀폐형 / 온이어 / 블루투스 v5.0 / 3.5mm / 32Ω /[기능] 85dB볼륨제한 / 컨트롤: 재생/멈춤조절 / 부가기능: 볼륨조절 /[배터리] 재생시간: 15시간 / 배터리용량: 300mAh / 충전단자: micro5핀 /[부가] 무게: 104g
유니콘 Beatles Rock ※ 유무선헤드폰 / 음악+통화용 / 밀폐형 / 온이어 / 블루투스 v4.1 / 3.5mm / USB / 20Hz~20kHz /[기능] 컨트롤: 터치버튼 / 부가기능: 볼륨조절, 음성안내, 라디오, microSD재생 /[배터리] 재생시간: 6시간 /[부가] 접이식 / 무게: 155g / 유선연결시:마이크동작미지원
그라도 GW100 ※ 유무선헤드폰 / 음악+통화용 / 오픈형 / 오버이어 / 블루투스 v5.0 / 3.5mm / 다이나믹드라이버 / 32Ω / 99.8dB / 20Hz~20kHz /[기능] 컨트롤: 재생/멈춤조절 / 부가기능: 볼륨조절 /[배터리] 재생시간: 40시간 / 배터리용량: 850mAh /[부가] 회전형이어컵
SONY MDR-XB650BT ※ 무선헤드폰 / 음악+통화용 / 밀폐형 / 블루투스 / NFC / 24Ω / 95dB / 20Hz~20kHz / ExtraBass /[배터리] 재생시간: 30시간 /[부가] 접이식 / 회전형이어컵 / 케이블특징: 좌우대칭 / 무게: 190g
NURA 델핀 누라 ※ 유무선헤드폰 / 음악+통화용 / 밀폐형 / 블루투스 / 3.5mm / USB타입C / 라이트닝 / 오디오코덱: aptX HD /[기능] 액티브노이즈캔슬링 / 주변소리듣기 / 컨트롤: 전용 앱 /[배터리] 재생시간: 20시간 /[부가] 무게: 329g / 이머젼모드
온앤오프 버디폰 웨이브 ※ 유무선헤드폰 / 음악+통화용 / 어린이용 / 밀폐형 / 블루투스 v4.2 / 3.5mm / 32Ω / 85dB / 20Hz~20kHz /[기능] 85dB볼륨제한 / 컨트롤: 재생/멈춤조절 / 부가기능: 볼륨조절 / IPX7방수 /[배터리] 재생시간: 20시간 / 충전단자: micro5핀 /[부가] 케이블특징: 플랫케이블 / 케이블길이: 0.8m / 무게: 109g / 볼륨모드:4단계
스컬캔디 RIFF S5PXW ※ 무선헤드폰 / 음악+통화용 / 밀폐형 / 오버이어 / 블루투스 v4.1 / 32Ω / 98dB / 20Hz~20kHz /[기능] 컨트롤: 재생/멈춤조절 / 부가기능: 퀵충전, 볼륨조절 /[배터리] 재생시간: 12시간 / 배터리용량: 280mAh /[부가] 접이식 / 무게: 160g
V1000-BT960 ※ 유무선헤드폰 / 음악+통화용 / 밀폐형 / 블루투스 v4.2 / 3.5mm / 20Hz~20kHz /[기능] 컨트롤: 재생/멈춤조절 / 부가기능: 볼륨조절, 음성안내, 라디오, microSD재생 /[배터리] 재생시간: 10시간 / 배터리용량: 400mAh / 충전단자: micro5핀 /[부가] 접이식 / 무게: 165g
OVLENG S33 ※ 무선헤드폰 / 음악+통화용 / 밀폐형 / 블루투스 v4.1 / 20Hz~20kHz /[기능] 컨트롤: 재생/멈춤조절 / 부가기능: 볼륨조절, microSD재생 /[배터리] 재생시간: 10시간 / 배터리용량: 300mAh / 출력:100mW / LED램프
